CREATE DATABASE IF NOT EXISTS bank_practice;
USE bank_practice;
-- =============================================
-- BANK PRACTICE DATABASE
-- =============================================

USE bank_practice;

DROP TABLE IF EXISTS payments;
DROP TABLE IF EXISTS loans;
DROP TABLE IF EXISTS customers;

CREATE TABLE customers (
  customer_id INT PRIMARY KEY,
  full_name VARCHAR(100),
  age INT,
  city VARCHAR(50),
  occupation VARCHAR(50),
  annual_income INT,
  credit_score INT,
  joined_date DATE
);

CREATE TABLE loans (
  loan_id INT PRIMARY KEY,
  customer_id INT,
  loan_type VARCHAR(50),
  loan_amount INT,
  interest_rate DECIMAL(5,2),
  tenure_months INT,
  disbursed_date DATE,
  status VARCHAR(20),
  emi_amount INT,
  FOREIGN KEY (customer_id) REFERENCES customers(customer_id)
);

CREATE TABLE payments (
  payment_id INT PRIMARY KEY,
  loan_id INT,
  payment_date DATE,
  amount_paid INT,
  payment_status VARCHAR(20),
  FOREIGN KEY (loan_id) REFERENCES loans(loan_id)
);

-- INSERT CUSTOMERS
INSERT INTO customers VALUES (1,'Riya Gupta',23,'Chennai','Salaried - Government',439729,602,'2024-10-17');
INSERT INTO customers VALUES (2,'Rahul Malhotra',27,'Lucknow','Business Owner',498627,597,'2022-03-24');
INSERT INTO customers VALUES (3,'Kabir Kapoor',60,'Mumbai','Freelancer',293308,829,'2023-05-10');
INSERT INTO customers VALUES (4,'Kabir Pillai',59,'Chennai','Salaried - Private',1073983,631,'2024-11-30');
INSERT INTO customers VALUES (5,'Vihaan Kumar',39,'Delhi','Salaried - Government',1063631,722,'2021-07-29');
INSERT INTO customers VALUES (6,'Aditya Shah',28,'Hyderabad','Self-Employed',686850,572,'2023-07-30');
INSERT INTO customers VALUES (7,'Krishna Gupta',46,'Pune','Freelancer',349441,735,'2024-03-28');
INSERT INTO customers VALUES (8,'Rohan Patel',24,'Bangalore','Self-Employed',978694,669,'2021-07-26');
INSERT INTO customers VALUES (9,'Anika Nair',51,'Hyderabad','Salaried - Government',564653,657,'2024-10-04');
INSERT INTO customers VALUES (10,'Saanvi Patel',60,'Delhi','Freelancer',608830,633,'2023-08-05');
INSERT INTO customers VALUES (11,'Anika Nair',57,'Bangalore','Self-Employed',869781,578,'2022-04-15');
INSERT INTO customers VALUES (12,'Sneha Verma',42,'Kolkata','Self-Employed',275634,840,'2022-10-07');
INSERT INTO customers VALUES (13,'Rohan Chauhan',47,'Ahmedabad','Salaried - Government',475148,676,'2024-02-24');
INSERT INTO customers VALUES (14,'Krishna Nair',59,'Kolkata','Freelancer',412643,662,'2021-10-11');
INSERT INTO customers VALUES (15,'Pari Chauhan',27,'Mumbai','Salaried - Private',455898,631,'2024-10-25');
INSERT INTO customers VALUES (16,'Vihaan Desai',26,'Kolkata','Business Owner',1361709,789,'2023-12-20');
INSERT INTO customers VALUES (17,'Saanvi Malhotra',22,'Pune','Freelancer',621772,724,'2021-08-17');
INSERT INTO customers VALUES (18,'Ishaan Rao',32,'Ahmedabad','Salaried - Private',1272892,684,'2023-10-23');
INSERT INTO customers VALUES (19,'Pooja Joshi',54,'Pune','Self-Employed',868877,809,'2024-06-01');
INSERT INTO customers VALUES (20,'Rohan Mane',45,'Delhi','Freelancer',742332,821,'2021-01-02');
INSERT INTO customers VALUES (21,'Arjun Kumar',53,'Mumbai','Salaried - Private',1247680,707,'2022-05-06');
INSERT INTO customers VALUES (22,'Vivaan Iyer',58,'Pune','Salaried - Private',1046545,585,'2023-12-27');
INSERT INTO customers VALUES (23,'Pooja Mane',30,'Ahmedabad','Freelancer',273250,820,'2024-05-27');
INSERT INTO customers VALUES (24,'Vihaan Reddy',56,'Bangalore','Self-Employed',530229,741,'2023-06-17');
INSERT INTO customers VALUES (25,'Tanvi Kapoor',50,'Pune','Salaried - Government',440992,723,'2021-02-13');
INSERT INTO customers VALUES (26,'Avni Malhotra',36,'Lucknow','Salaried - Government',256112,580,'2022-04-14');
INSERT INTO customers VALUES (27,'Aditya Verma',43,'Pune','Freelancer',316612,798,'2022-03-15');
INSERT INTO customers VALUES (28,'Krishna Mane',58,'Lucknow','Business Owner',821785,792,'2023-04-14');
INSERT INTO customers VALUES (29,'Rohan Gupta',28,'Kolkata','Self-Employed',549037,789,'2021-04-21');
INSERT INTO customers VALUES (30,'Kunal Gupta',25,'Kolkata','Self-Employed',837453,605,'2022-05-25');
INSERT INTO customers VALUES (31,'Rohan Reddy',56,'Ahmedabad','Salaried - Government',608599,692,'2023-08-06');
INSERT INTO customers VALUES (32,'Kabir Patel',50,'Jaipur','Salaried - Private',351600,826,'2021-01-31');
INSERT INTO customers VALUES (33,'Aditya Iyer',32,'Kolkata','Business Owner',1186478,755,'2021-05-01');
INSERT INTO customers VALUES (34,'Diya Shah',22,'Kolkata','Self-Employed',933786,782,'2022-08-08');
INSERT INTO customers VALUES (35,'Vihaan Malhotra',53,'Delhi','Salaried - Government',502201,579,'2024-04-01');
INSERT INTO customers VALUES (36,'Rahul Malhotra',25,'Hyderabad','Salaried - Private',351145,794,'2023-10-27');
INSERT INTO customers VALUES (37,'Karan Kapoor',32,'Mumbai','Freelancer',222666,645,'2021-05-21');
INSERT INTO customers VALUES (38,'Arjun Patel',37,'Kolkata','Salaried - Private',1260428,841,'2022-05-20');
INSERT INTO customers VALUES (39,'Avni Desai',24,'Lucknow','Salaried - Private',727609,848,'2024-03-03');
INSERT INTO customers VALUES (40,'Pari Kumar',38,'Bangalore','Self-Employed',407594,752,'2021-09-26');
INSERT INTO customers VALUES (41,'Kunal Singh',51,'Hyderabad','Salaried - Private',309501,838,'2021-07-24');
INSERT INTO customers VALUES (42,'Aditya Malhotra',35,'Jaipur','Self-Employed',326329,728,'2021-05-21');
INSERT INTO customers VALUES (43,'Tanvi Iyer',45,'Chennai','Salaried - Government',622456,828,'2024-12-11');
INSERT INTO customers VALUES (44,'Ishaan Desai',55,'Mumbai','Freelancer',353130,603,'2021-10-03');
INSERT INTO customers VALUES (45,'Saanvi Gupta',28,'Jaipur','Salaried - Government',481495,657,'2022-12-04');
INSERT INTO customers VALUES (46,'Rohan Nair',54,'Ahmedabad','Self-Employed',917582,576,'2021-07-09');
INSERT INTO customers VALUES (47,'Riya Rao',39,'Mumbai','Salaried - Private',640227,616,'2024-07-28');
INSERT INTO customers VALUES (48,'Saanvi Joshi',50,'Jaipur','Business Owner',1308187,607,'2021-06-04');
INSERT INTO customers VALUES (49,'Tanvi Mane',56,'Mumbai','Self-Employed',670619,625,'2023-05-31');
INSERT INTO customers VALUES (50,'Ananya Verma',41,'Hyderabad','Salaried - Private',1216903,657,'2024-10-28');
INSERT INTO customers VALUES (51,'Kabir Gupta',44,'Jaipur','Business Owner',1939970,629,'2022-04-30');
INSERT INTO customers VALUES (52,'Vikram Joshi',33,'Kolkata','Salaried - Private',482947,720,'2023-04-24');
INSERT INTO customers VALUES (53,'Amit Iyer',39,'Delhi','Salaried - Private',690192,569,'2023-08-22');
INSERT INTO customers VALUES (54,'Kabir Reddy',51,'Hyderabad','Self-Employed',852710,666,'2022-04-02');
INSERT INTO customers VALUES (55,'Aarav Reddy',47,'Hyderabad','Self-Employed',886230,692,'2022-12-21');
INSERT INTO customers VALUES (56,'Riya Kapoor',47,'Jaipur','Self-Employed',943516,609,'2022-06-19');
INSERT INTO customers VALUES (57,'Diya Bose',38,'Mumbai','Salaried - Private',908502,726,'2022-10-05');
INSERT INTO customers VALUES (58,'Vihaan Desai',54,'Pune','Business Owner',1826242,647,'2022-06-06');
INSERT INTO customers VALUES (59,'Vivaan Rao',22,'Jaipur','Freelancer',583680,650,'2023-01-16');
INSERT INTO customers VALUES (60,'Vihaan Patel',43,'Lucknow','Self-Employed',732491,613,'2022-09-08');
INSERT INTO customers VALUES (61,'Pari Singh',48,'Hyderabad','Business Owner',1516728,833,'2021-09-18');
INSERT INTO customers VALUES (62,'Rohan Rao',46,'Delhi','Freelancer',513617,757,'2024-01-28');
INSERT INTO customers VALUES (63,'Sneha Sharma',41,'Chennai','Salaried - Government',615404,846,'2024-05-27');
INSERT INTO customers VALUES (64,'Riya Kumar',51,'Ahmedabad','Business Owner',1483709,811,'2023-08-28');
INSERT INTO customers VALUES (65,'Amit Joshi',27,'Chennai','Freelancer',569993,721,'2021-07-11');
INSERT INTO customers VALUES (66,'Sneha Iyer',41,'Bangalore','Salaried - Government',375250,573,'2022-05-17');
INSERT INTO customers VALUES (67,'Reyansh Desai',26,'Ahmedabad','Business Owner',1805789,844,'2022-02-03');
INSERT INTO customers VALUES (68,'Neha Shah',53,'Kolkata','Salaried - Government',375435,552,'2021-08-07');
INSERT INTO customers VALUES (69,'Pooja Rao',36,'Delhi','Freelancer',451407,835,'2022-05-26');
INSERT INTO customers VALUES (70,'Karan Gupta',51,'Delhi','Business Owner',1471393,836,'2024-05-04');
INSERT INTO customers VALUES (71,'Myra Pillai',54,'Kolkata','Freelancer',440318,631,'2023-08-31');
INSERT INTO customers VALUES (72,'Sara Nair',37,'Chennai','Freelancer',463335,672,'2022-07-17');
INSERT INTO customers VALUES (73,'Sara Patel',40,'Bangalore','Self-Employed',481923,826,'2021-06-15');
INSERT INTO customers VALUES (74,'Ananya Mane',36,'Kolkata','Salaried - Government',850456,582,'2023-04-30');
INSERT INTO customers VALUES (75,'Vihaan Kumar',56,'Ahmedabad','Business Owner',545266,765,'2023-03-09');
INSERT INTO customers VALUES (76,'Tanvi Bose',23,'Lucknow','Business Owner',1179778,730,'2022-09-04');
INSERT INTO customers VALUES (77,'Pooja Shah',48,'Jaipur','Freelancer',650921,662,'2023-09-27');
INSERT INTO customers VALUES (78,'Kabir Nair',49,'Ahmedabad','Salaried - Private',696634,757,'2021-12-05');
INSERT INTO customers VALUES (79,'Sneha Pillai',30,'Lucknow','Freelancer',191045,751,'2024-04-27');
INSERT INTO customers VALUES (80,'Avni Sharma',27,'Kolkata','Salaried - Government',986823,643,'2021-04-13');
INSERT INTO customers VALUES (81,'Saanvi Shah',42,'Bangalore','Business Owner',950074,744,'2022-07-24');
INSERT INTO customers VALUES (82,'Pooja Rao',38,'Pune','Business Owner',479656,826,'2021-04-17');
INSERT INTO customers VALUES (83,'Aryan Iyer',26,'Mumbai','Salaried - Private',1268603,652,'2021-02-11');
INSERT INTO customers VALUES (84,'Arjun Mane',37,'Delhi','Business Owner',1474272,838,'2022-03-23');
INSERT INTO customers VALUES (85,'Sara Nair',45,'Delhi','Freelancer',536312,608,'2021-12-02');
INSERT INTO customers VALUES (86,'Ishaan Gupta',59,'Mumbai','Self-Employed',665484,742,'2023-03-24');
INSERT INTO customers VALUES (87,'Neha Reddy',26,'Lucknow','Salaried - Government',336616,704,'2024-11-02');
INSERT INTO customers VALUES (88,'Arjun Gupta',58,'Mumbai','Self-Employed',632550,739,'2021-05-22');
INSERT INTO customers VALUES (89,'Pari Kumar',22,'Kolkata','Business Owner',611474,735,'2024-07-25');
INSERT INTO customers VALUES (90,'Tanvi Pillai',31,'Kolkata','Salaried - Government',873726,688,'2024-06-15');
INSERT INTO customers VALUES (91,'Amit Malhotra',52,'Ahmedabad','Business Owner',1713373,687,'2022-10-23');
INSERT INTO customers VALUES (92,'Vikram Iyer',27,'Chennai','Business Owner',823111,787,'2024-03-13');
INSERT INTO customers VALUES (93,'Arjun Shah',43,'Mumbai','Business Owner',1751957,643,'2023-09-26');
INSERT INTO customers VALUES (94,'Rohan Mehta',38,'Hyderabad','Self-Employed',898444,691,'2024-02-13');
INSERT INTO customers VALUES (95,'Aarav Kapoor',34,'Pune','Salaried - Government',862063,800,'2024-02-12');
INSERT INTO customers VALUES (96,'Pooja Iyer',52,'Ahmedabad','Business Owner',1663187,597,'2022-08-26');
INSERT INTO customers VALUES (97,'Kabir Shah',37,'Chennai','Freelancer',394567,833,'2023-12-24');
INSERT INTO customers VALUES (98,'Aryan Rao',57,'Hyderabad','Self-Employed',762684,688,'2022-09-20');
INSERT INTO customers VALUES (99,'Saanvi Iyer',29,'Bangalore','Self-Employed',316459,824,'2024-11-14');
INSERT INTO customers VALUES (100,'Diya Reddy',35,'Ahmedabad','Self-Employed',779307,818,'2024-05-07');
INSERT INTO customers VALUES (101,'Ishaan Gupta',34,'Chennai','Salaried - Government',556748,704,'2021-01-29');
INSERT INTO customers VALUES (102,'Neha Malhotra',30,'Chennai','Salaried - Private',1293780,833,'2022-08-22');
INSERT INTO customers VALUES (103,'Neha Mane',53,'Pune','Salaried - Private',885545,790,'2023-09-08');
INSERT INTO customers VALUES (104,'Sara Kumar',33,'Mumbai','Self-Employed',944913,794,'2021-08-22');
INSERT INTO customers VALUES (105,'Sneha Patel',47,'Ahmedabad','Salaried - Private',888561,577,'2021-11-07');
INSERT INTO customers VALUES (106,'Ananya Bose',41,'Pune','Salaried - Government',350683,763,'2024-05-26');
INSERT INTO customers VALUES (107,'Arjun Desai',36,'Jaipur','Business Owner',1139287,776,'2022-09-01');
INSERT INTO customers VALUES (108,'Vikram Bose',49,'Chennai','Freelancer',544511,600,'2022-03-02');
INSERT INTO customers VALUES (109,'Riya Reddy',38,'Pune','Salaried - Government',453885,832,'2021-06-03');
INSERT INTO customers VALUES (110,'Diya Sharma',48,'Ahmedabad','Freelancer',454597,566,'2022-04-20');
INSERT INTO customers VALUES (111,'Ishaan Singh',51,'Pune','Salaried - Government',1035324,651,'2023-05-21');
INSERT INTO customers VALUES (112,'Priya Malhotra',36,'Delhi','Self-Employed',857372,586,'2021-05-03');
INSERT INTO customers VALUES (113,'Diya Singh',60,'Lucknow','Self-Employed',560952,789,'2024-11-11');
INSERT INTO customers VALUES (114,'Ishaan Shah',39,'Jaipur','Freelancer',468808,591,'2024-05-09');
INSERT INTO customers VALUES (115,'Vivaan Rao',42,'Lucknow','Self-Employed',244786,667,'2024-10-12');
INSERT INTO customers VALUES (116,'Sneha Bose',59,'Mumbai','Self-Employed',665828,639,'2023-08-22');
INSERT INTO customers VALUES (117,'Pari Pillai',39,'Delhi','Freelancer',434351,801,'2021-07-06');
INSERT INTO customers VALUES (118,'Reyansh Mehta',48,'Hyderabad','Self-Employed',737652,632,'2022-11-07');
INSERT INTO customers VALUES (119,'Vihaan Chauhan',40,'Kolkata','Freelancer',196834,595,'2022-10-07');
INSERT INTO customers VALUES (120,'Saanvi Kumar',29,'Kolkata','Freelancer',665831,550,'2024-09-08');
INSERT INTO customers VALUES (121,'Vikram Malhotra',51,'Kolkata','Salaried - Private',491334,735,'2024-06-29');
INSERT INTO customers VALUES (122,'Pooja Chauhan',50,'Mumbai','Salaried - Government',476997,617,'2022-08-13');
INSERT INTO customers VALUES (123,'Sara Chauhan',29,'Mumbai','Freelancer',650591,631,'2022-09-29');
INSERT INTO customers VALUES (124,'Krishna Sharma',57,'Kolkata','Salaried - Private',529194,608,'2023-08-04');
INSERT INTO customers VALUES (125,'Priya Mane',53,'Chennai','Freelancer',594719,762,'2023-09-16');
INSERT INTO customers VALUES (126,'Reyansh Iyer',51,'Jaipur','Salaried - Government',576048,810,'2021-10-07');
INSERT INTO customers VALUES (127,'Vikram Patel',39,'Kolkata','Self-Employed',939700,809,'2022-07-02');
INSERT INTO customers VALUES (128,'Sneha Sharma',40,'Chennai','Freelancer',520054,800,'2021-11-01');
INSERT INTO customers VALUES (129,'Sara Malhotra',52,'Hyderabad','Self-Employed',647216,828,'2023-02-12');
INSERT INTO customers VALUES (130,'Sara Kumar',34,'Bangalore','Freelancer',402867,760,'2021-03-31');
INSERT INTO customers VALUES (131,'Myra Chauhan',46,'Kolkata','Salaried - Government',671029,568,'2021-09-16');
INSERT INTO customers VALUES (132,'Pari Bose',43,'Pune','Business Owner',602558,783,'2021-02-01');
INSERT INTO customers VALUES (133,'Rahul Mane',48,'Delhi','Salaried - Private',778880,685,'2022-11-25');
INSERT INTO customers VALUES (134,'Arjun Shah',27,'Hyderabad','Freelancer',401105,712,'2024-07-07');
INSERT INTO customers VALUES (135,'Neha Chauhan',56,'Mumbai','Freelancer',215710,697,'2022-04-11');
INSERT INTO customers VALUES (136,'Rahul Patel',49,'Pune','Salaried - Private',752552,703,'2021-03-01');
INSERT INTO customers VALUES (137,'Vivaan Kumar',25,'Chennai','Self-Employed',511753,624,'2022-05-16');
INSERT INTO customers VALUES (138,'Pari Rao',58,'Delhi','Salaried - Government',398808,745,'2024-06-23');
INSERT INTO customers VALUES (139,'Kunal Iyer',53,'Lucknow','Salaried - Government',447360,680,'2023-07-31');
INSERT INTO customers VALUES (140,'Saanvi Sharma',51,'Chennai','Freelancer',268995,776,'2022-12-09');
INSERT INTO customers VALUES (141,'Avni Singh',49,'Chennai','Business Owner',1743315,651,'2023-02-27');
INSERT INTO customers VALUES (142,'Vikram Chauhan',28,'Bangalore','Business Owner',1325041,844,'2022-08-29');
INSERT INTO customers VALUES (143,'Neha Singh',23,'Kolkata','Self-Employed',231194,575,'2024-05-26');
INSERT INTO customers VALUES (144,'Rahul Chauhan',40,'Bangalore','Freelancer',652149,662,'2024-07-27');
INSERT INTO customers VALUES (145,'Rohan Desai',38,'Delhi','Salaried - Private',1221471,570,'2022-09-25');
INSERT INTO customers VALUES (146,'Amit Pillai',24,'Lucknow','Self-Employed',785255,596,'2022-08-28');
INSERT INTO customers VALUES (147,'Myra Rao',33,'Bangalore','Salaried - Government',918535,737,'2023-12-24');
INSERT INTO customers VALUES (148,'Pari Nair',32,'Chennai','Business Owner',1930097,701,'2022-11-25');
INSERT INTO customers VALUES (149,'Amit Gupta',51,'Pune','Salaried - Government',891028,665,'2024-10-17');
INSERT INTO customers VALUES (150,'Rahul Shah',57,'Hyderabad','Salaried - Private',1106495,557,'2022-06-26');
INSERT INTO customers VALUES (151,'Krishna Gupta',51,'Hyderabad','Self-Employed',672188,740,'2021-08-10');
INSERT INTO customers VALUES (152,'Kunal Iyer',52,'Mumbai','Freelancer',701119,837,'2022-11-03');
INSERT INTO customers VALUES (153,'Karan Desai',36,'Pune','Business Owner',1841363,704,'2024-08-22');
INSERT INTO customers VALUES (154,'Vihaan Gupta',30,'Mumbai','Salaried - Private',610451,802,'2021-08-26');
INSERT INTO customers VALUES (155,'Priya Iyer',56,'Delhi','Business Owner',1144074,826,'2023-05-09');
INSERT INTO customers VALUES (156,'Avni Mane',48,'Pune','Business Owner',1391947,693,'2021-03-09');
INSERT INTO customers VALUES (157,'Neha Mehta',35,'Ahmedabad','Business Owner',1904349,735,'2021-07-23');
INSERT INTO customers VALUES (158,'Kunal Mehta',56,'Hyderabad','Salaried - Private',706102,647,'2021-09-08');
INSERT INTO customers VALUES (159,'Vikram Pillai',27,'Bangalore','Freelancer',752800,575,'2022-11-15');
INSERT INTO customers VALUES (160,'Kabir Mane',58,'Bangalore','Salaried - Private',1146414,833,'2022-03-01');
INSERT INTO customers VALUES (161,'Avni Reddy',36,'Hyderabad','Salaried - Government',920347,551,'2022-07-22');
INSERT INTO customers VALUES (162,'Vikram Mane',30,'Jaipur','Self-Employed',835863,606,'2024-09-15');
INSERT INTO customers VALUES (163,'Vikram Sharma',30,'Mumbai','Self-Employed',829338,671,'2024-04-20');
INSERT INTO customers VALUES (164,'Myra Sharma',33,'Chennai','Salaried - Private',429293,765,'2023-12-14');
INSERT INTO customers VALUES (165,'Priya Patel',52,'Ahmedabad','Self-Employed',617627,605,'2023-07-15');
INSERT INTO customers VALUES (166,'Pari Iyer',24,'Jaipur','Self-Employed',575402,565,'2021-05-05');
INSERT INTO customers VALUES (167,'Reyansh Shah',49,'Pune','Business Owner',1539974,777,'2021-05-31');
INSERT INTO customers VALUES (168,'Tanvi Patel',42,'Lucknow','Salaried - Government',305829,690,'2024-07-02');
INSERT INTO customers VALUES (169,'Riya Bose',57,'Hyderabad','Business Owner',1971780,821,'2022-08-27');
INSERT INTO customers VALUES (170,'Sara Kapoor',60,'Kolkata','Salaried - Private',1108958,608,'2024-09-02');
INSERT INTO customers VALUES (171,'Riya Malhotra',35,'Kolkata','Business Owner',1808779,761,'2022-11-26');
INSERT INTO customers VALUES (172,'Sneha Pillai',47,'Kolkata','Salaried - Private',618799,710,'2024-09-24');
INSERT INTO customers VALUES (173,'Saanvi Mehta',31,'Ahmedabad','Salaried - Private',393049,593,'2021-07-10');
INSERT INTO customers VALUES (174,'Vihaan Gupta',45,'Delhi','Freelancer',210688,837,'2024-02-25');
INSERT INTO customers VALUES (175,'Myra Gupta',48,'Hyderabad','Business Owner',1778180,576,'2022-08-13');
INSERT INTO customers VALUES (176,'Arjun Singh',44,'Pune','Freelancer',476910,629,'2024-09-06');
INSERT INTO customers VALUES (177,'Reyansh Iyer',28,'Hyderabad','Freelancer',393698,692,'2024-03-21');
INSERT INTO customers VALUES (178,'Kabir Rao',57,'Lucknow','Freelancer',576611,835,'2021-02-23');
INSERT INTO customers VALUES (179,'Arjun Nair',23,'Delhi','Self-Employed',762564,708,'2022-11-27');
INSERT INTO customers VALUES (180,'Aryan Sharma',33,'Delhi','Freelancer',566120,585,'2021-10-18');
INSERT INTO customers VALUES (181,'Rahul Sharma',27,'Jaipur','Salaried - Government',569765,782,'2022-11-30');
INSERT INTO customers VALUES (182,'Diya Mehta',41,'Hyderabad','Freelancer',529753,576,'2021-11-15');
INSERT INTO customers VALUES (183,'Diya Desai',25,'Pune','Self-Employed',563981,767,'2023-09-22');
INSERT INTO customers VALUES (184,'Arjun Pillai',48,'Chennai','Salaried - Government',891701,608,'2022-12-08');
INSERT INTO customers VALUES (185,'Vihaan Gupta',40,'Lucknow','Business Owner',1256209,707,'2021-04-04');
INSERT INTO customers VALUES (186,'Kabir Shah',60,'Mumbai','Salaried - Private',508511,658,'2021-10-09');
INSERT INTO customers VALUES (187,'Pooja Nair',40,'Hyderabad','Salaried - Private',307884,770,'2021-12-26');
INSERT INTO customers VALUES (188,'Ananya Shah',56,'Bangalore','Freelancer',507440,731,'2021-05-28');
INSERT INTO customers VALUES (189,'Anika Verma',49,'Mumbai','Business Owner',1859378,710,'2024-03-25');
INSERT INTO customers VALUES (190,'Vihaan Bose',47,'Kolkata','Self-Employed',313107,560,'2022-10-28');
INSERT INTO customers VALUES (191,'Diya Desai',51,'Hyderabad','Salaried - Private',745446,604,'2022-05-14');
INSERT INTO customers VALUES (192,'Vihaan Bose',47,'Jaipur','Salaried - Private',703682,708,'2022-11-27');
INSERT INTO customers VALUES (193,'Kabir Kumar',32,'Pune','Freelancer',551768,821,'2023-11-11');
INSERT INTO customers VALUES (194,'Rohan Mehta',44,'Delhi','Salaried - Government',337383,681,'2022-02-09');
INSERT INTO customers VALUES (195,'Diya Desai',31,'Pune','Salaried - Government',1058598,802,'2023-08-09');
INSERT INTO customers VALUES (196,'Pooja Bose',59,'Ahmedabad','Freelancer',557580,715,'2024-07-08');
INSERT INTO customers VALUES (197,'Myra Mane',50,'Pune','Business Owner',1126578,705,'2022-07-17');
INSERT INTO customers VALUES (198,'Avni Verma',44,'Jaipur','Salaried - Private',616616,781,'2021-03-19');
INSERT INTO customers VALUES (199,'Vivaan Mehta',40,'Pune','Salaried - Private',927308,809,'2023-02-27');
INSERT INTO customers VALUES (200,'Sara Bose',57,'Mumbai','Business Owner',1840846,842,'2024-08-27');
INSERT INTO customers VALUES (201,'Rohan Kumar',60,'Ahmedabad','Freelancer',264762,581,'2023-07-12');
INSERT INTO customers VALUES (202,'Priya Kumar',27,'Jaipur','Salaried - Government',283270,774,'2023-06-19');
INSERT INTO customers VALUES (203,'Pari Kapoor',32,'Hyderabad','Self-Employed',927221,748,'2023-04-18');
INSERT INTO customers VALUES (204,'Pooja Kumar',60,'Mumbai','Self-Employed',275422,598,'2024-02-17');
INSERT INTO customers VALUES (205,'Kunal Shah',40,'Chennai','Freelancer',694601,720,'2021-06-16');
INSERT INTO customers VALUES (206,'Avni Mane',44,'Chennai','Business Owner',647296,593,'2022-09-27');
INSERT INTO customers VALUES (207,'Krishna Shah',43,'Delhi','Freelancer',230604,766,'2023-11-08');
INSERT INTO customers VALUES (208,'Aryan Sharma',45,'Chennai','Salaried - Government',1058493,724,'2023-09-23');
INSERT INTO customers VALUES (209,'Rohan Iyer',30,'Delhi','Salaried - Private',601707,601,'2023-11-06');
INSERT INTO customers VALUES (210,'Pooja Malhotra',55,'Mumbai','Self-Employed',895440,617,'2024-05-08');
INSERT INTO customers VALUES (211,'Anika Mane',32,'Delhi','Freelancer',656381,634,'2023-06-16');
INSERT INTO customers VALUES (212,'Vivaan Rao',45,'Bangalore','Business Owner',1384210,779,'2022-04-25');
INSERT INTO customers VALUES (213,'Krishna Iyer',41,'Ahmedabad','Salaried - Government',562664,842,'2023-06-22');
INSERT INTO customers VALUES (214,'Sara Singh',46,'Jaipur','Freelancer',424103,632,'2022-02-13');
INSERT INTO customers VALUES (215,'Amit Desai',30,'Chennai','Salaried - Private',954002,740,'2024-02-10');
INSERT INTO customers VALUES (216,'Karan Gupta',55,'Pune','Self-Employed',289164,632,'2022-07-13');
INSERT INTO customers VALUES (217,'Sara Kapoor',31,'Kolkata','Salaried - Private',1265341,663,'2023-07-13');
INSERT INTO customers VALUES (218,'Tanvi Mehta',23,'Kolkata','Salaried - Private',704383,741,'2022-04-28');
INSERT INTO customers VALUES (219,'Anika Patel',45,'Bangalore','Salaried - Private',625058,600,'2024-08-24');
INSERT INTO customers VALUES (220,'Myra Mane',30,'Mumbai','Self-Employed',926808,791,'2024-11-26');
INSERT INTO customers VALUES (221,'Sneha Mane',52,'Ahmedabad','Freelancer',178124,590,'2021-02-08');
INSERT INTO customers VALUES (222,'Saanvi Reddy',31,'Jaipur','Freelancer',489024,606,'2022-08-14');
INSERT INTO customers VALUES (223,'Kabir Singh',29,'Mumbai','Salaried - Government',606851,784,'2021-05-09');
INSERT INTO customers VALUES (224,'Priya Chauhan',60,'Jaipur','Salaried - Private',944594,844,'2022-05-11');
INSERT INTO customers VALUES (225,'Neha Mane',40,'Kolkata','Salaried - Private',927105,673,'2024-03-14');
INSERT INTO customers VALUES (226,'Vihaan Joshi',27,'Jaipur','Self-Employed',276774,819,'2024-01-20');
INSERT INTO customers VALUES (227,'Pari Kapoor',57,'Mumbai','Business Owner',1786197,572,'2024-07-25');
INSERT INTO customers VALUES (228,'Anika Mehta',38,'Mumbai','Self-Employed',828217,726,'2022-05-09');
INSERT INTO customers VALUES (229,'Rahul Gupta',59,'Hyderabad','Salaried - Government',287685,829,'2022-11-25');
INSERT INTO customers VALUES (230,'Sneha Joshi',51,'Ahmedabad','Salaried - Government',939773,582,'2023-07-27');
INSERT INTO customers VALUES (231,'Vivaan Singh',34,'Mumbai','Salaried - Government',1002921,711,'2022-09-28');
INSERT INTO customers VALUES (232,'Pari Shah',56,'Ahmedabad','Self-Employed',253014,647,'2022-08-09');
INSERT INTO customers VALUES (233,'Aryan Verma',43,'Chennai','Salaried - Private',1115329,773,'2023-03-31');
INSERT INTO customers VALUES (234,'Rahul Pillai',46,'Hyderabad','Salaried - Government',671772,804,'2023-01-23');
INSERT INTO customers VALUES (235,'Karan Kapoor',39,'Pune','Business Owner',570758,642,'2024-01-23');
INSERT INTO customers VALUES (236,'Ishaan Kumar',28,'Pune','Self-Employed',730603,706,'2023-07-03');
INSERT INTO customers VALUES (237,'Arjun Rao',32,'Ahmedabad','Self-Employed',567054,730,'2024-06-13');
INSERT INTO customers VALUES (238,'Vihaan Nair',25,'Pune','Business Owner',1005866,631,'2021-03-05');
INSERT INTO customers VALUES (239,'Ananya Desai',50,'Mumbai','Salaried - Government',307148,737,'2023-01-12');
INSERT INTO customers VALUES (240,'Anika Bose',24,'Lucknow','Salaried - Government',827202,739,'2023-02-01');
INSERT INTO customers VALUES (241,'Sara Patel',58,'Delhi','Freelancer',393335,710,'2024-08-23');
INSERT INTO customers VALUES (242,'Saanvi Iyer',29,'Mumbai','Salaried - Government',674187,748,'2024-02-25');
INSERT INTO customers VALUES (243,'Priya Nair',38,'Ahmedabad','Salaried - Government',1096910,696,'2024-11-22');
INSERT INTO customers VALUES (244,'Karan Chauhan',34,'Pune','Salaried - Government',974902,781,'2021-12-20');
INSERT INTO customers VALUES (245,'Tanvi Pillai',27,'Hyderabad','Self-Employed',767798,831,'2024-01-16');
INSERT INTO customers VALUES (246,'Ishaan Singh',32,'Delhi','Self-Employed',614198,612,'2022-02-16');
INSERT INTO customers VALUES (247,'Amit Mane',37,'Ahmedabad','Salaried - Private',668114,843,'2023-01-26');
INSERT INTO customers VALUES (248,'Sara Malhotra',30,'Lucknow','Salaried - Private',367063,753,'2023-09-08');
INSERT INTO customers VALUES (249,'Pari Rao',48,'Lucknow','Salaried - Private',427833,712,'2024-08-08');
INSERT INTO customers VALUES (250,'Aditya Pillai',51,'Jaipur','Self-Employed',323175,832,'2024-08-03');
INSERT INTO customers VALUES (251,'Avni Joshi',30,'Kolkata','Freelancer',716873,578,'2021-09-12');
INSERT INTO customers VALUES (252,'Pari Mane',41,'Delhi','Salaried - Government',524261,665,'2022-12-10');
INSERT INTO customers VALUES (253,'Pari Singh',27,'Chennai','Salaried - Government',789798,832,'2022-07-17');
INSERT INTO customers VALUES (254,'Ananya Singh',56,'Pune','Freelancer',556387,847,'2021-11-12');
INSERT INTO customers VALUES (255,'Diya Desai',60,'Hyderabad','Freelancer',199510,564,'2021-06-16');
INSERT INTO customers VALUES (256,'Vivaan Bose',38,'Bangalore','Freelancer',422869,565,'2023-10-17');
INSERT INTO customers VALUES (257,'Tanvi Malhotra',40,'Chennai','Business Owner',824663,757,'2022-09-02');
INSERT INTO customers VALUES (258,'Sara Patel',25,'Delhi','Business Owner',1085901,787,'2022-02-22');
INSERT INTO customers VALUES (259,'Myra Desai',31,'Hyderabad','Self-Employed',786662,726,'2023-03-28');
INSERT INTO customers VALUES (260,'Ananya Mehta',54,'Jaipur','Salaried - Private',625498,788,'2021-09-08');
INSERT INTO customers VALUES (261,'Saanvi Pillai',37,'Delhi','Salaried - Private',351617,746,'2024-06-14');
INSERT INTO customers VALUES (262,'Vihaan Iyer',32,'Hyderabad','Freelancer',604071,647,'2021-11-23');
INSERT INTO customers VALUES (263,'Reyansh Kapoor',51,'Ahmedabad','Self-Employed',605488,596,'2023-03-17');
INSERT INTO customers VALUES (264,'Pari Pillai',37,'Bangalore','Freelancer',384972,575,'2022-07-31');
INSERT INTO customers VALUES (265,'Reyansh Desai',52,'Chennai','Freelancer',179865,605,'2023-06-02');
INSERT INTO customers VALUES (266,'Ananya Nair',45,'Kolkata','Self-Employed',259610,576,'2024-03-13');
INSERT INTO customers VALUES (267,'Krishna Reddy',45,'Jaipur','Self-Employed',281251,808,'2023-07-12');
INSERT INTO customers VALUES (268,'Pooja Malhotra',39,'Lucknow','Freelancer',245692,599,'2023-03-18');
INSERT INTO customers VALUES (269,'Aryan Kumar',57,'Hyderabad','Salaried - Government',419199,810,'2023-04-03');
INSERT INTO customers VALUES (270,'Pari Verma',24,'Mumbai','Salaried - Government',856553,792,'2023-11-30');
INSERT INTO customers VALUES (271,'Sara Mane',60,'Jaipur','Salaried - Government',528770,713,'2021-11-29');
INSERT INTO customers VALUES (272,'Anika Desai',41,'Lucknow','Self-Employed',613095,810,'2023-12-27');
INSERT INTO customers VALUES (273,'Reyansh Bose',41,'Ahmedabad','Salaried - Private',675724,606,'2023-05-04');
INSERT INTO customers VALUES (274,'Avni Singh',23,'Lucknow','Business Owner',856261,846,'2024-03-28');
INSERT INTO customers VALUES (275,'Kabir Verma',59,'Ahmedabad','Salaried - Government',695597,744,'2021-10-30');
INSERT INTO customers VALUES (276,'Sneha Iyer',24,'Lucknow','Salaried - Private',494600,775,'2022-10-05');
INSERT INTO customers VALUES (277,'Vihaan Mane',48,'Bangalore','Business Owner',1217783,791,'2021-05-08');
INSERT INTO customers VALUES (278,'Neha Mane',55,'Bangalore','Freelancer',368404,794,'2023-12-13');
INSERT INTO customers VALUES (279,'Anika Kumar',33,'Ahmedabad','Freelancer',378684,731,'2024-10-16');
INSERT INTO customers VALUES (280,'Pooja Nair',52,'Bangalore','Salaried - Government',487155,702,'2022-04-06');
INSERT INTO customers VALUES (281,'Ishaan Singh',35,'Ahmedabad','Self-Employed',592049,836,'2022-07-15');
INSERT INTO customers VALUES (282,'Ishaan Gupta',58,'Jaipur','Business Owner',1820513,752,'2022-12-08');
INSERT INTO customers VALUES (283,'Pooja Mane',40,'Mumbai','Self-Employed',955814,590,'2022-12-11');
INSERT INTO customers VALUES (284,'Karan Pillai',38,'Ahmedabad','Salaried - Government',421757,825,'2022-07-10');
INSERT INTO customers VALUES (285,'Karan Malhotra',39,'Delhi','Salaried - Private',927990,850,'2022-05-06');
INSERT INTO customers VALUES (286,'Kabir Verma',55,'Bangalore','Salaried - Government',294617,761,'2022-11-08');
INSERT INTO customers VALUES (287,'Neha Chauhan',28,'Delhi','Salaried - Private',1283809,630,'2023-04-14');
INSERT INTO customers VALUES (288,'Riya Chauhan',52,'Bangalore','Self-Employed',470693,580,'2021-07-03');
INSERT INTO customers VALUES (289,'Riya Bose',36,'Jaipur','Salaried - Private',1231494,639,'2023-05-06');
INSERT INTO customers VALUES (290,'Tanvi Joshi',24,'Kolkata','Business Owner',735056,698,'2021-03-18');
INSERT INTO customers VALUES (291,'Aarav Singh',58,'Lucknow','Salaried - Private',1247023,721,'2022-08-06');
INSERT INTO customers VALUES (292,'Sara Malhotra',55,'Ahmedabad','Salaried - Government',973400,789,'2022-07-13');
INSERT INTO customers VALUES (293,'Rohan Gupta',43,'Delhi','Business Owner',1441876,645,'2021-01-29');
INSERT INTO customers VALUES (294,'Rahul Kumar',40,'Lucknow','Salaried - Government',399170,757,'2023-05-26');
INSERT INTO customers VALUES (295,'Pari Kumar',27,'Kolkata','Salaried - Private',488476,621,'2023-09-05');
INSERT INTO customers VALUES (296,'Myra Iyer',22,'Chennai','Business Owner',810347,686,'2022-11-07');
INSERT INTO customers VALUES (297,'Ishaan Bose',58,'Mumbai','Self-Employed',725067,670,'2021-05-08');
INSERT INTO customers VALUES (298,'Kunal Gupta',51,'Chennai','Salaried - Government',594604,807,'2024-12-11');
INSERT INTO customers VALUES (299,'Pooja Singh',29,'Chennai','Self-Employed',695188,662,'2021-10-01');
INSERT INTO customers VALUES (300,'Reyansh Mane',51,'Lucknow','Self-Employed',543121,831,'2023-08-23');

-- INSERT LOANS
INSERT INTO loans VALUES (1,1,'Personal Loan',432836,13.62,24,'2026-04-18','Active',20704);
INSERT INTO loans VALUES (2,1,'Auto Loan',333723,12.58,12,'2026-05-10','Defaulted',29742);
INSERT INTO loans VALUES (3,2,'Business Loan',787167,10.45,240,'2023-06-29','Active',7832);
INSERT INTO loans VALUES (4,3,'Business Loan',1549862,15.59,180,'2023-07-15','Active',22321);
INSERT INTO loans VALUES (5,4,'Education Loan',687520,12.53,60,'2026-12-20','Active',15478);
INSERT INTO loans VALUES (6,5,'Home Loan',4256120,12.7,12,'2022-10-15','Active',379546);
INSERT INTO loans VALUES (7,7,'Home Loan',5337617,11.75,60,'2025-05-30','Active',118059);
INSERT INTO loans VALUES (8,7,'Personal Loan',434622,16.3,120,'2025-04-25','Defaulted',7362);
INSERT INTO loans VALUES (9,7,'Education Loan',583683,15.75,120,'2025-04-26','Active',9687);
INSERT INTO loans VALUES (10,8,'Business Loan',749227,15.24,24,'2022-02-03','Defaulted',36413);
INSERT INTO loans VALUES (11,8,'Education Loan',655958,14.05,48,'2021-08-08','Closed',17941);
INSERT INTO loans VALUES (12,8,'Auto Loan',795604,13.97,120,'2023-01-31','Active',12339);
INSERT INTO loans VALUES (13,9,'Education Loan',491543,9.98,24,'2024-11-15','Closed',22678);
INSERT INTO loans VALUES (14,10,'Home Loan',1982998,8.11,12,'2024-11-14','Closed',172599);
INSERT INTO loans VALUES (15,11,'Home Loan',2001303,7.9,180,'2022-12-20','Closed',19010);
INSERT INTO loans VALUES (16,11,'Home Loan',1530610,16.44,48,'2024-05-13','Closed',43724);
INSERT INTO loans VALUES (17,12,'Auto Loan',524284,15.39,240,'2023-05-31','Active',7055);
INSERT INTO loans VALUES (18,13,'Business Loan',2584170,15.42,36,'2025-12-06','Closed',90114);
INSERT INTO loans VALUES (19,14,'Home Loan',5275306,15.97,120,'2023-04-11','Active',88270);
INSERT INTO loans VALUES (20,15,'Personal Loan',224949,9.15,240,'2026-03-03','Active',2046);
INSERT INTO loans VALUES (21,16,'Personal Loan',452599,15.73,240,'2025-02-24','Defaulted',6205);
INSERT INTO loans VALUES (22,17,'Personal Loan',264788,9.79,84,'2023-06-20','Active',4367);
INSERT INTO loans VALUES (23,18,'Auto Loan',350956,14.02,48,'2023-12-24','Active',9594);
INSERT INTO loans VALUES (24,19,'Business Loan',538981,8.16,240,'2025-01-19','Active',4562);
INSERT INTO loans VALUES (25,19,'Auto Loan',603825,15.68,48,'2024-12-22','Defaulted',17014);
INSERT INTO loans VALUES (26,21,'Education Loan',1002997,13.76,48,'2023-06-26','Closed',27288);
INSERT INTO loans VALUES (27,21,'Business Loan',1173633,10.05,180,'2023-11-13','Closed',12648);
INSERT INTO loans VALUES (28,21,'Auto Loan',553873,12.12,180,'2023-09-05','Active',6690);
INSERT INTO loans VALUES (29,22,'Education Loan',865466,10.38,48,'2025-01-19','Active',22109);
INSERT INTO loans VALUES (30,22,'Home Loan',3431361,9.49,36,'2024-01-22','Active',109901);
INSERT INTO loans VALUES (31,22,'Business Loan',1753071,11.26,36,'2024-07-24','Active',57609);
INSERT INTO loans VALUES (32,23,'Personal Loan',314685,13.39,84,'2025-02-24','Closed',5792);
INSERT INTO loans VALUES (33,24,'Education Loan',594746,14.09,84,'2023-12-17','Active',11175);
INSERT INTO loans VALUES (34,25,'Personal Loan',502604,12.38,12,'2022-08-13','Active',44745);
INSERT INTO loans VALUES (35,26,'Home Loan',4339524,11.21,48,'2022-07-02','Closed',112600);
INSERT INTO loans VALUES (36,26,'Home Loan',1884238,11.6,12,'2024-01-16','Closed',167060);
INSERT INTO loans VALUES (37,27,'Education Loan',773355,7.64,240,'2023-10-10','Active',6296);
INSERT INTO loans VALUES (38,27,'Home Loan',3282379,9.97,60,'2022-04-11','Active',69692);
INSERT INTO loans VALUES (39,27,'Education Loan',905550,15.69,24,'2022-07-01','Active',44205);
INSERT INTO loans VALUES (40,28,'Business Loan',1634525,14.84,60,'2024-06-03','Active',38748);
INSERT INTO loans VALUES (41,29,'Education Loan',688501,16.41,48,'2022-03-04','Closed',19657);
INSERT INTO loans VALUES (42,29,'Home Loan',3841810,15.22,12,'2021-08-04','Active',347154);
INSERT INTO loans VALUES (43,29,'Education Loan',677431,8.01,12,'2023-04-20','Active',58932);
INSERT INTO loans VALUES (44,30,'Education Loan',760416,10.48,24,'2023-11-26','Defaulted',35258);
INSERT INTO loans VALUES (45,31,'Business Loan',1519875,7.92,24,'2025-07-16','Closed',68684);
INSERT INTO loans VALUES (46,32,'Business Loan',1930745,9.11,84,'2021-02-26','Defaulted',31172);
INSERT INTO loans VALUES (47,32,'Business Loan',774431,14.89,120,'2021-04-29','Active',12442);
INSERT INTO loans VALUES (48,33,'Business Loan',2327963,11.0,240,'2022-04-15','Active',24029);
INSERT INTO loans VALUES (49,34,'Home Loan',3153567,16.27,12,'2022-11-26','Active',286529);
INSERT INTO loans VALUES (50,34,'Home Loan',2432667,14.42,120,'2023-07-18','Active',38388);
INSERT INTO loans VALUES (51,35,'Education Loan',621543,10.7,120,'2025-06-27','Active',8457);
INSERT INTO loans VALUES (52,36,'Education Loan',257124,13.07,48,'2025-11-05','Active',6907);
INSERT INTO loans VALUES (53,37,'Education Loan',820509,13.21,120,'2022-04-20','Active',12353);
INSERT INTO loans VALUES (54,39,'Education Loan',503925,9.93,36,'2024-06-10','Active',16244);
INSERT INTO loans VALUES (55,39,'Education Loan',681286,12.11,24,'2024-04-08','Active',32106);
INSERT INTO loans VALUES (56,39,'Business Loan',659394,12.88,84,'2025-04-11','Active',11953);
INSERT INTO loans VALUES (57,40,'Home Loan',4161797,12.54,48,'2023-05-14','Active',110703);
INSERT INTO loans VALUES (58,41,'Personal Loan',152478,10.21,180,'2021-12-30','Active',1658);
INSERT INTO loans VALUES (59,41,'Education Loan',428365,10.2,24,'2022-08-07','Active',19806);
INSERT INTO loans VALUES (60,42,'Education Loan',714425,9.26,24,'2021-10-16','Active',32724);
INSERT INTO loans VALUES (61,43,'Auto Loan',1249936,10.92,84,'2026-03-16','Active',21349);
INSERT INTO loans VALUES (62,43,'Business Loan',756280,10.39,48,'2026-04-25','Active',19323);
INSERT INTO loans VALUES (63,43,'Education Loan',1051852,10.12,180,'2026-08-02','Closed',11381);
INSERT INTO loans VALUES (64,44,'Auto Loan',1219793,11.04,24,'2023-05-13','Active',56875);
INSERT INTO loans VALUES (65,45,'Personal Loan',396770,12.45,180,'2024-12-08','Active',4877);
INSERT INTO loans VALUES (66,45,'Auto Loan',1237538,8.12,120,'2024-11-02','Active',15093);
INSERT INTO loans VALUES (67,45,'Auto Loan',530425,13.43,120,'2024-01-04','Active',8055);
INSERT INTO loans VALUES (68,46,'Education Loan',704019,12.31,120,'2023-01-26','Active',10227);
INSERT INTO loans VALUES (69,46,'Auto Loan',1081961,14.81,24,'2021-11-07','Closed',52363);
INSERT INTO loans VALUES (70,46,'Auto Loan',439606,13.01,120,'2023-08-28','Active',6566);
INSERT INTO loans VALUES (71,47,'Home Loan',947464,9.83,240,'2026-09-10','Active',9037);
INSERT INTO loans VALUES (72,47,'Business Loan',1997244,9.49,84,'2025-09-11','Active',32633);
INSERT INTO loans VALUES (73,48,'Business Loan',789176,16.48,180,'2021-09-29','Active',11856);
INSERT INTO loans VALUES (74,48,'Home Loan',1422312,15.97,36,'2022-06-05','Active',49983);
INSERT INTO loans VALUES (75,49,'Personal Loan',324501,10.63,24,'2024-08-31','Closed',15069);
INSERT INTO loans VALUES (76,50,'Home Loan',2251188,14.79,24,'2024-11-30','Closed',108928);
INSERT INTO loans VALUES (77,51,'Personal Loan',508465,14.16,240,'2022-11-04','Closed',6382);
INSERT INTO loans VALUES (78,52,'Education Loan',1042616,9.59,120,'2025-02-06','Active',13543);
INSERT INTO loans VALUES (79,53,'Education Loan',536024,14.14,48,'2024-12-04','Closed',14685);
INSERT INTO loans VALUES (80,54,'Personal Loan',182603,14.27,24,'2023-11-24','Active',8791);
INSERT INTO loans VALUES (81,55,'Personal Loan',254606,9.27,24,'2023-09-25','Closed',11663);
INSERT INTO loans VALUES (82,55,'Education Loan',654943,13.25,120,'2024-09-16','Active',9876);
INSERT INTO loans VALUES (83,57,'Education Loan',735626,14.82,60,'2024-07-05','Closed',17431);
INSERT INTO loans VALUES (84,58,'Auto Loan',381433,10.25,36,'2023-07-03','Closed',12353);
INSERT INTO loans VALUES (85,58,'Business Loan',1324042,12.87,120,'2023-08-23','Active',19668);
INSERT INTO loans VALUES (86,59,'Personal Loan',339710,11.91,36,'2023-08-05','Active',11269);
INSERT INTO loans VALUES (87,60,'Home Loan',4794850,16.07,180,'2023-02-04','Active',70656);
INSERT INTO loans VALUES (88,61,'Business Loan',1587235,11.95,180,'2022-11-27','Closed',18998);
INSERT INTO loans VALUES (89,62,'Personal Loan',127201,7.78,48,'2024-12-02','Active',3092);
INSERT INTO loans VALUES (90,63,'Auto Loan',441850,11.62,180,'2025-12-20','Active',5195);
INSERT INTO loans VALUES (91,64,'Auto Loan',1170135,14.91,84,'2025-03-15','Closed',22521);
INSERT INTO loans VALUES (92,66,'Business Loan',941719,11.33,48,'2023-03-27','Defaulted',24490);
INSERT INTO loans VALUES (93,66,'Home Loan',2923795,10.64,24,'2023-08-19','Defaulted',135784);
INSERT INTO loans VALUES (94,68,'Personal Loan',454816,12.79,84,'2023-08-14','Closed',8222);
INSERT INTO loans VALUES (95,68,'Education Loan',329383,8.75,48,'2022-03-16','Closed',8158);
INSERT INTO loans VALUES (96,69,'Business Loan',1082441,12.35,84,'2024-05-25','Active',19311);
INSERT INTO loans VALUES (97,70,'Business Loan',2667348,13.61,24,'2024-09-29','Defaulted',127576);
INSERT INTO loans VALUES (98,71,'Home Loan',5366188,15.3,36,'2025-08-28','Closed',186810);
INSERT INTO loans VALUES (99,71,'Personal Loan',155809,10.4,48,'2025-10-28','Closed',3982);
INSERT INTO loans VALUES (100,72,'Personal Loan',349841,9.92,120,'2023-08-15','Active',4608);
INSERT INTO loans VALUES (101,73,'Home Loan',2712828,14.25,84,'2022-10-03','Defaulted',51214);
INSERT INTO loans VALUES (102,74,'Home Loan',4810084,15.12,24,'2025-05-27','Defaulted',233499);
INSERT INTO loans VALUES (103,75,'Auto Loan',1260127,14.66,120,'2023-10-28','Defaulted',20069);
INSERT INTO loans VALUES (104,76,'Education Loan',421683,14.96,84,'2024-03-27','Active',8128);
INSERT INTO loans VALUES (105,76,'Business Loan',2367950,14.59,12,'2022-10-31','Active',213269);
INSERT INTO loans VALUES (106,77,'Education Loan',194653,15.86,36,'2024-12-31','Active',6830);
INSERT INTO loans VALUES (107,77,'Education Loan',362086,13.7,36,'2025-08-02','Active',12323);
INSERT INTO loans VALUES (108,78,'Auto Loan',352007,10.74,24,'2022-12-30','Closed',16364);
INSERT INTO loans VALUES (109,78,'Personal Loan',113304,13.13,48,'2023-02-27','Closed',3047);
INSERT INTO loans VALUES (110,79,'Home Loan',1860395,8.2,48,'2025-10-20','Closed',45593);
INSERT INTO loans VALUES (111,79,'Home Loan',936281,10.59,24,'2025-07-13','Closed',43460);
INSERT INTO loans VALUES (112,80,'Personal Loan',262381,14.08,24,'2021-08-06','Active',12608);
INSERT INTO loans VALUES (113,81,'Personal Loan',262224,14.82,36,'2024-05-20','Defaulted',9067);
INSERT INTO loans VALUES (114,81,'Personal Loan',120785,12.57,36,'2023-10-27','Active',4045);
INSERT INTO loans VALUES (115,82,'Personal Loan',503952,13.04,180,'2021-12-05','Active',6389);
INSERT INTO loans VALUES (116,84,'Business Loan',2092520,10.66,120,'2023-02-18','Closed',28423);
INSERT INTO loans VALUES (117,84,'Personal Loan',214635,8.26,240,'2023-12-08','Closed',1830);
INSERT INTO loans VALUES (118,85,'Home Loan',4715514,13.43,60,'2022-07-10','Active',108333);
INSERT INTO loans VALUES (119,86,'Education Loan',445987,7.99,48,'2024-08-21','Active',10886);
INSERT INTO loans VALUES (120,87,'Business Loan',609777,15.5,12,'2025-11-16','Closed',55181);
INSERT INTO loans VALUES (121,89,'Business Loan',1396942,12.42,36,'2026-09-24','Active',46679);
INSERT INTO loans VALUES (122,89,'Home Loan',975102,8.11,60,'2025-03-12','Active',19823);
INSERT INTO loans VALUES (123,91,'Business Loan',1094597,13.91,120,'2024-01-09','Closed',16936);
INSERT INTO loans VALUES (124,91,'Home Loan',3782417,12.34,36,'2023-08-13','Active',126245);
INSERT INTO loans VALUES (125,93,'Personal Loan',331375,11.02,24,'2024-08-18','Closed',15448);
INSERT INTO loans VALUES (126,93,'Personal Loan',116057,8.28,120,'2024-02-01','Active',1425);
INSERT INTO loans VALUES (127,93,'Business Loan',573814,13.49,36,'2024-02-05','Active',19470);
INSERT INTO loans VALUES (128,96,'Auto Loan',867606,14.55,60,'2023-02-22','Active',20436);
INSERT INTO loans VALUES (129,97,'Auto Loan',1119523,8.56,12,'2024-12-11','Closed',97676);
INSERT INTO loans VALUES (130,97,'Auto Loan',868625,9.87,24,'2025-05-25','Active',40031);
INSERT INTO loans VALUES (131,98,'Education Loan',953423,9.0,36,'2023-06-18','Closed',30319);
INSERT INTO loans VALUES (132,99,'Home Loan',1927819,12.08,12,'2024-12-06','Active',171357);
INSERT INTO loans VALUES (133,99,'Education Loan',507578,15.78,36,'2024-12-30','Active',17790);
INSERT INTO loans VALUES (134,100,'Education Loan',382063,9.73,84,'2025-02-18','Closed',6290);
INSERT INTO loans VALUES (135,100,'Business Loan',1288818,12.02,12,'2024-11-16','Active',114522);
INSERT INTO loans VALUES (136,100,'Business Loan',2658181,16.09,24,'2025-09-05','Closed',130267);
INSERT INTO loans VALUES (137,101,'Auto Loan',632761,12.48,12,'2022-02-20','Active',56362);
INSERT INTO loans VALUES (138,101,'Business Loan',2215141,14.16,48,'2022-05-29','Active',60710);
INSERT INTO loans VALUES (139,102,'Personal Loan',419608,12.42,48,'2023-02-02','Active',11137);
INSERT INTO loans VALUES (140,102,'Education Loan',201519,12.37,12,'2023-08-10','Active',17940);
INSERT INTO loans VALUES (141,102,'Education Loan',944105,14.04,24,'2023-03-30','Active',45347);
INSERT INTO loans VALUES (142,103,'Education Loan',1045066,16.25,36,'2025-09-15','Active',36871);
INSERT INTO loans VALUES (143,105,'Business Loan',1379377,15.56,180,'2023-12-22','Active',19837);
INSERT INTO loans VALUES (144,108,'Home Loan',3563530,8.06,36,'2022-11-09','Active',111767);
INSERT INTO loans VALUES (145,108,'Auto Loan',1351250,11.04,84,'2023-01-31','Active',23165);
INSERT INTO loans VALUES (146,109,'Personal Loan',151250,14.43,24,'2021-11-19','Active',7293);
INSERT INTO loans VALUES (147,110,'Auto Loan',727815,12.32,48,'2023-08-05','Active',19281);
INSERT INTO loans VALUES (148,111,'Home Loan',1306893,14.77,60,'2025-05-21','Closed',30933);
INSERT INTO loans VALUES (149,113,'Auto Loan',417988,13.9,84,'2025-12-31','Active',7810);
INSERT INTO loans VALUES (150,113,'Auto Loan',552200,16.42,12,'2026-01-09','Closed',50211);
INSERT INTO loans VALUES (151,114,'Business Loan',1012168,11.66,36,'2024-09-20','Active',33454);
INSERT INTO loans VALUES (152,115,'Personal Loan',148821,14.91,84,'2026-09-24','Closed',2864);
INSERT INTO loans VALUES (153,115,'Home Loan',3520457,9.83,24,'2024-11-13','Defaulted',162175);
INSERT INTO loans VALUES (154,116,'Education Loan',908368,8.33,84,'2024-01-04','Active',14308);
INSERT INTO loans VALUES (155,117,'Personal Loan',505859,11.4,120,'2022-12-06','Active',7083);
INSERT INTO loans VALUES (156,118,'Personal Loan',249274,15.67,60,'2023-08-30','Active',6018);
INSERT INTO loans VALUES (157,118,'Personal Loan',105592,13.07,48,'2024-09-09','Active',2836);
INSERT INTO loans VALUES (158,119,'Business Loan',1527819,8.29,120,'2023-03-06','Active',18772);
INSERT INTO loans VALUES (159,120,'Business Loan',1010582,16.45,240,'2024-10-07','Defaulted',14402);
INSERT INTO loans VALUES (160,121,'Auto Loan',815621,14.53,84,'2026-02-08','Active',15525);
INSERT INTO loans VALUES (161,121,'Education Loan',423392,7.73,48,'2024-08-08','Closed',10283);
INSERT INTO loans VALUES (162,122,'Home Loan',4538942,11.75,84,'2024-10-16','Closed',79519);
INSERT INTO loans VALUES (163,122,'Personal Loan',528290,8.4,48,'2023-05-22','Closed',12997);
INSERT INTO loans VALUES (164,123,'Home Loan',4338223,16.03,120,'2023-10-07','Defaulted',72752);
INSERT INTO loans VALUES (165,123,'Personal Loan',169245,12.83,84,'2024-06-05','Active',3063);
INSERT INTO loans VALUES (166,124,'Business Loan',1718114,12.57,48,'2024-12-30','Closed',45727);
INSERT INTO loans VALUES (167,124,'Personal Loan',310696,8.31,48,'2025-04-21','Active',7630);
INSERT INTO loans VALUES (168,125,'Home Loan',2392802,13.03,36,'2024-09-08','Closed',80658);
INSERT INTO loans VALUES (169,126,'Auto Loan',311467,8.83,36,'2022-02-07','Closed',9880);
INSERT INTO loans VALUES (170,126,'Auto Loan',1392670,10.86,120,'2023-06-09','Active',19074);
INSERT INTO loans VALUES (171,126,'Auto Loan',627123,16.28,120,'2023-08-02','Defaulted',10615);
INSERT INTO loans VALUES (172,127,'Personal Loan',408232,12.56,84,'2023-02-25','Closed',7329);
INSERT INTO loans VALUES (173,128,'Education Loan',456140,13.7,36,'2022-05-11','Closed',15523);
INSERT INTO loans VALUES (174,128,'Business Loan',1331103,16.45,12,'2022-05-16','Closed',121056);
INSERT INTO loans VALUES (175,129,'Business Loan',947014,12.59,180,'2023-07-16','Active',11728);
INSERT INTO loans VALUES (176,129,'Home Loan',1970981,16.34,36,'2024-12-04','Closed',69625);
INSERT INTO loans VALUES (177,129,'Home Loan',4597478,13.53,84,'2024-05-24','Active',84968);
INSERT INTO loans VALUES (178,130,'Home Loan',2477165,14.58,12,'2021-05-29','Active',223094);
INSERT INTO loans VALUES (179,131,'Personal Loan',488048,11.94,120,'2022-09-20','Closed',6985);
INSERT INTO loans VALUES (180,131,'Home Loan',4629631,14.6,48,'2022-03-11','Active',127909);
INSERT INTO loans VALUES (181,132,'Home Loan',2227088,10.37,24,'2021-04-27','Active',103150);
INSERT INTO loans VALUES (182,132,'Education Loan',324814,8.18,24,'2022-01-23','Closed',14717);
INSERT INTO loans VALUES (183,133,'Education Loan',814054,11.38,36,'2024-08-17','Closed',26798);
INSERT INTO loans VALUES (184,134,'Home Loan',2389925,16.27,120,'2026-06-30','Active',40437);
INSERT INTO loans VALUES (185,135,'Business Loan',1046845,10.03,48,'2022-07-28','Active',26566);
INSERT INTO loans VALUES (186,135,'Business Loan',1686740,11.92,12,'2023-04-25','Active',149802);
INSERT INTO loans VALUES (187,135,'Home Loan',2225472,13.46,180,'2022-11-11','Active',28835);
INSERT INTO loans VALUES (188,136,'Auto Loan',1412469,11.76,24,'2022-01-20','Closed',66332);
INSERT INTO loans VALUES (189,137,'Auto Loan',349364,12.4,36,'2023-06-09','Defaulted',11671);
INSERT INTO loans VALUES (190,138,'Education Loan',220155,11.46,60,'2025-02-19','Closed',4837);
INSERT INTO loans VALUES (191,139,'Personal Loan',428505,13.51,24,'2025-06-24','Active',20475);
INSERT INTO loans VALUES (192,140,'Business Loan',961903,8.05,120,'2024-06-06','Active',11696);
INSERT INTO loans VALUES (193,141,'Education Loan',695442,9.62,60,'2023-05-28','Active',14646);
INSERT INTO loans VALUES (194,142,'Home Loan',3159456,15.6,36,'2023-01-09','Defaulted',110454);
INSERT INTO loans VALUES (195,142,'Education Loan',335591,16.36,48,'2023-03-24','Active',9573);
INSERT INTO loans VALUES (196,143,'Education Loan',361727,14.9,36,'2026-02-04','Active',12522);
INSERT INTO loans VALUES (197,144,'Home Loan',1291623,12.51,240,'2025-07-05','Closed',14684);
INSERT INTO loans VALUES (198,144,'Business Loan',1480853,15.36,240,'2025-10-09','Active',19895);
INSERT INTO loans VALUES (199,144,'Personal Loan',156689,12.79,24,'2024-11-22','Closed',7434);
INSERT INTO loans VALUES (200,146,'Business Loan',2430305,15.4,60,'2023-10-04','Closed',58328);
INSERT INTO loans VALUES (201,147,'Education Loan',213719,9.98,36,'2025-09-27','Closed',6894);
INSERT INTO loans VALUES (202,148,'Home Loan',2681067,15.41,48,'2023-01-24','Closed',75174);
INSERT INTO loans VALUES (203,148,'Auto Loan',1316437,7.68,60,'2023-10-19','Active',26491);
INSERT INTO loans VALUES (204,149,'Home Loan',5276234,9.55,60,'2026-11-27','Active',110940);
INSERT INTO loans VALUES (205,150,'Auto Loan',1114559,12.94,24,'2023-01-14','Active',52957);
INSERT INTO loans VALUES (206,150,'Education Loan',846850,14.34,84,'2022-09-01','Closed',16029);
INSERT INTO loans VALUES (207,151,'Auto Loan',1091483,11.13,240,'2023-03-25','Active',11363);
INSERT INTO loans VALUES (208,152,'Personal Loan',466639,9.75,180,'2023-01-03','Closed',4943);
INSERT INTO loans VALUES (209,153,'Auto Loan',682022,11.68,120,'2026-06-13','Closed',9659);
INSERT INTO loans VALUES (210,153,'Home Loan',1988721,11.9,180,'2025-03-01','Defaulted',23740);
INSERT INTO loans VALUES (211,154,'Business Loan',1236959,8.97,60,'2023-10-11','Closed',25659);
INSERT INTO loans VALUES (212,158,'Personal Loan',475700,13.33,48,'2022-06-20','Closed',12840);
INSERT INTO loans VALUES (213,158,'Business Loan',495117,14.52,12,'2023-01-16','Defaulted',44576);
INSERT INTO loans VALUES (214,159,'Business Loan',2251945,9.51,60,'2024-11-23','Defaulted',47306);
INSERT INTO loans VALUES (215,160,'Education Loan',985934,15.16,180,'2022-11-24','Active',13907);
INSERT INTO loans VALUES (216,161,'Business Loan',2304699,11.07,24,'2022-08-08','Closed',107492);
INSERT INTO loans VALUES (217,162,'Auto Loan',913748,12.84,60,'2025-07-27','Closed',20716);
INSERT INTO loans VALUES (218,162,'Education Loan',237453,16.4,84,'2025-07-05','Active',4771);
INSERT INTO loans VALUES (219,163,'Auto Loan',466032,12.16,48,'2024-06-27','Closed',12309);
INSERT INTO loans VALUES (220,163,'Business Loan',1359221,10.38,36,'2026-05-08','Active',44101);
INSERT INTO loans VALUES (221,164,'Auto Loan',551311,11.27,120,'2026-01-16','Active',7679);
INSERT INTO loans VALUES (222,165,'Business Loan',2286033,10.59,48,'2025-06-26','Closed',58630);
INSERT INTO loans VALUES (223,165,'Education Loan',995873,13.55,240,'2024-05-27','Closed',12060);
INSERT INTO loans VALUES (224,166,'Business Loan',857555,8.38,36,'2023-06-12','Active',27023);
INSERT INTO loans VALUES (225,166,'Business Loan',2166565,9.15,84,'2023-03-16','Active',35023);
INSERT INTO loans VALUES (226,167,'Auto Loan',744567,15.48,84,'2022-03-03','Closed',14569);
INSERT INTO loans VALUES (227,168,'Home Loan',3017414,15.3,24,'2025-11-07','Closed',146735);
INSERT INTO loans VALUES (228,169,'Education Loan',656854,11.22,36,'2023-01-24','Defaulted',21573);
INSERT INTO loans VALUES (229,170,'Business Loan',2458901,16.38,36,'2025-08-01','Closed',86910);
INSERT INTO loans VALUES (230,171,'Home Loan',3094113,13.18,36,'2023-10-22','Closed',104521);
INSERT INTO loans VALUES (231,173,'Personal Loan',349325,8.93,24,'2021-11-29','Closed',15948);
INSERT INTO loans VALUES (232,174,'Education Loan',566122,11.8,12,'2024-04-13','Active',50246);
INSERT INTO loans VALUES (233,175,'Home Loan',4914028,14.31,240,'2023-03-06','Active',62216);
INSERT INTO loans VALUES (234,175,'Home Loan',3720091,9.74,84,'2023-07-08','Active',61259);
INSERT INTO loans VALUES (235,176,'Business Loan',1138758,8.09,12,'2025-07-18','Defaulted',99106);
INSERT INTO loans VALUES (236,177,'Business Loan',1791832,10.54,36,'2025-03-16','Defaulted',58273);
INSERT INTO loans VALUES (237,178,'Personal Loan',164197,15.66,120,'2021-03-24','Active',2716);
INSERT INTO loans VALUES (238,179,'Personal Loan',185035,7.7,240,'2023-05-29','Active',1513);
INSERT INTO loans VALUES (239,179,'Home Loan',2588365,13.26,240,'2024-09-05','Active',30805);
INSERT INTO loans VALUES (240,180,'Home Loan',3841054,7.68,24,'2022-12-28','Active',173160);
INSERT INTO loans VALUES (241,180,'Home Loan',3362770,11.77,36,'2022-05-26','Closed',111323);
INSERT INTO loans VALUES (242,180,'Home Loan',2255024,13.45,240,'2022-07-31','Closed',27146);
INSERT INTO loans VALUES (243,181,'Education Loan',927587,8.44,24,'2023-09-25','Active',42139);
INSERT INTO loans VALUES (244,181,'Home Loan',3139825,12.98,60,'2024-05-28','Defaulted',71409);
INSERT INTO loans VALUES (245,182,'Education Loan',445816,7.85,180,'2022-06-25','Closed',4222);
INSERT INTO loans VALUES (246,183,'Personal Loan',91232,13.54,24,'2025-05-11','Closed',4361);
INSERT INTO loans VALUES (247,186,'Home Loan',4971507,13.3,180,'2022-08-18','Active',63886);
INSERT INTO loans VALUES (248,188,'Home Loan',4735119,10.74,84,'2022-08-17','Closed',80431);
INSERT INTO loans VALUES (249,188,'Home Loan',4730606,15.51,12,'2021-10-26','Closed',428116);
INSERT INTO loans VALUES (250,189,'Auto Loan',1313433,16.1,60,'2026-04-24','Active',32010);
INSERT INTO loans VALUES (251,190,'Personal Loan',141224,11.1,180,'2023-08-12','Defaulted',1614);
INSERT INTO loans VALUES (252,190,'Education Loan',899909,13.34,36,'2023-03-02','Active',30469);
INSERT INTO loans VALUES (253,191,'Personal Loan',136670,15.7,180,'2023-12-27','Closed',1979);
INSERT INTO loans VALUES (254,191,'Personal Loan',365095,14.51,12,'2024-04-23','Defaulted',32869);
INSERT INTO loans VALUES (255,192,'Personal Loan',307385,11.89,120,'2024-03-02','Active',4391);
INSERT INTO loans VALUES (256,192,'Auto Loan',1025968,7.61,240,'2025-01-30','Closed',8334);
INSERT INTO loans VALUES (257,193,'Personal Loan',530053,13.53,84,'2025-05-05','Active',9796);
INSERT INTO loans VALUES (258,193,'Business Loan',664294,13.46,48,'2025-03-28','Active',17973);
INSERT INTO loans VALUES (259,194,'Education Loan',313789,14.94,12,'2022-03-02','Closed',28313);
INSERT INTO loans VALUES (260,194,'Personal Loan',317505,11.72,180,'2022-08-07','Active',3754);
INSERT INTO loans VALUES (261,195,'Personal Loan',238902,10.0,240,'2024-04-03','Active',2305);
INSERT INTO loans VALUES (262,196,'Personal Loan',125473,11.5,180,'2024-10-16','Closed',1466);
INSERT INTO loans VALUES (263,197,'Home Loan',5313018,14.21,12,'2022-11-09','Active',477566);
INSERT INTO loans VALUES (264,199,'Home Loan',4463024,16.17,60,'2024-08-10','Active',108936);
INSERT INTO loans VALUES (265,200,'Education Loan',1035319,10.77,12,'2025-04-22','Closed',91392);
INSERT INTO loans VALUES (266,200,'Auto Loan',912181,13.08,180,'2026-09-09','Closed',11589);
INSERT INTO loans VALUES (267,201,'Home Loan',1338466,13.43,12,'2024-07-05','Active',119818);
INSERT INTO loans VALUES (268,201,'Auto Loan',897228,10.87,24,'2023-09-06','Defaulted',41764);
INSERT INTO loans VALUES (269,202,'Education Loan',276265,13.0,48,'2023-10-30','Closed',7411);
INSERT INTO loans VALUES (270,203,'Education Loan',922098,9.22,84,'2023-08-16','Closed',14939);
INSERT INTO loans VALUES (271,205,'Business Loan',727243,15.53,180,'2023-05-01','Closed',10444);
INSERT INTO loans VALUES (272,206,'Education Loan',183903,14.13,240,'2023-12-24','Closed',2304);
INSERT INTO loans VALUES (273,207,'Business Loan',2207433,15.69,36,'2025-12-05','Closed',77269);
INSERT INTO loans VALUES (274,209,'Business Loan',2436065,12.04,120,'2025-01-17','Defaulted',35007);
INSERT INTO loans VALUES (275,209,'Personal Loan',213118,16.17,60,'2025-02-21','Closed',5202);
INSERT INTO loans VALUES (276,211,'Business Loan',1122554,13.81,84,'2025-06-23','Closed',20919);
INSERT INTO loans VALUES (277,212,'Personal Loan',180400,13.12,60,'2024-04-07','Active',4116);
INSERT INTO loans VALUES (278,213,'Personal Loan',316752,13.75,84,'2025-06-28','Active',5892);
INSERT INTO loans VALUES (279,213,'Auto Loan',914736,12.75,120,'2025-05-22','Closed',13523);
INSERT INTO loans VALUES (280,214,'Auto Loan',1292972,11.3,12,'2023-08-12','Active',114456);
INSERT INTO loans VALUES (281,214,'Education Loan',310794,13.53,48,'2022-11-23','Closed',8420);
INSERT INTO loans VALUES (282,215,'Auto Loan',1060068,8.82,12,'2026-01-27','Closed',92616);
INSERT INTO loans VALUES (283,216,'Business Loan',522689,14.83,24,'2024-04-13','Closed',25301);
INSERT INTO loans VALUES (284,217,'Personal Loan',424085,12.55,48,'2024-12-27','Closed',11283);
INSERT INTO loans VALUES (285,217,'Auto Loan',1071523,7.92,120,'2024-08-22','Active',12955);
INSERT INTO loans VALUES (286,218,'Auto Loan',1398999,7.98,60,'2022-12-01','Closed',28353);
INSERT INTO loans VALUES (287,218,'Education Loan',926985,15.7,84,'2024-06-19','Closed',18254);
INSERT INTO loans VALUES (288,219,'Personal Loan',439266,16.18,60,'2025-12-06','Active',10724);
INSERT INTO loans VALUES (289,219,'Home Loan',1741394,9.06,240,'2025-01-03','Active',15735);
INSERT INTO loans VALUES (290,220,'Business Loan',1044539,8.95,60,'2024-12-11','Active',21658);
INSERT INTO loans VALUES (291,221,'Personal Loan',107973,15.86,12,'2022-11-20','Closed',9789);
INSERT INTO loans VALUES (292,221,'Auto Loan',828661,12.65,84,'2021-05-03','Closed',14918);
INSERT INTO loans VALUES (293,222,'Personal Loan',520644,12.19,240,'2023-02-03','Active',5802);
INSERT INTO loans VALUES (294,223,'Home Loan',2472313,15.45,84,'2022-04-23','Active',48334);
INSERT INTO loans VALUES (295,224,'Business Loan',1643622,16.47,12,'2022-09-15','Closed',149493);
INSERT INTO loans VALUES (296,225,'Business Loan',2516866,9.69,12,'2026-02-20','Closed',220910);
INSERT INTO loans VALUES (297,226,'Home Loan',2636441,12.36,60,'2024-02-24','Closed',59127);
INSERT INTO loans VALUES (298,227,'Auto Loan',857170,12.08,180,'2024-09-17','Active',10332);
INSERT INTO loans VALUES (299,227,'Personal Loan',234140,8.24,24,'2025-01-22','Defaulted',10615);
INSERT INTO loans VALUES (300,228,'Business Loan',466493,8.09,48,'2024-04-19','Active',11408);
INSERT INTO loans VALUES (301,228,'Home Loan',1825108,14.96,120,'2024-03-11','Closed',29401);
INSERT INTO loans VALUES (302,230,'Home Loan',2966513,10.49,24,'2023-10-20','Active',137561);
INSERT INTO loans VALUES (303,230,'Auto Loan',909701,12.67,48,'2024-04-26','Active',24256);
INSERT INTO loans VALUES (304,231,'Education Loan',569722,7.65,24,'2024-04-07','Active',25676);
INSERT INTO loans VALUES (305,232,'Home Loan',4301822,12.77,24,'2023-08-20','Defaulted',204052);
INSERT INTO loans VALUES (306,232,'Home Loan',2204264,13.67,24,'2023-06-03','Closed',105490);
INSERT INTO loans VALUES (307,233,'Education Loan',919910,7.78,36,'2024-10-07','Active',28733);
INSERT INTO loans VALUES (308,234,'Business Loan',1113701,13.21,60,'2024-12-26','Closed',25460);
INSERT INTO loans VALUES (309,234,'Auto Loan',1388869,7.6,240,'2023-06-26','Active',11274);
INSERT INTO loans VALUES (310,236,'Business Loan',1681932,8.27,48,'2025-08-17','Closed',41274);
INSERT INTO loans VALUES (311,237,'Personal Loan',275694,13.31,240,'2024-11-15','Active',3291);
INSERT INTO loans VALUES (312,237,'Personal Loan',367598,9.77,24,'2024-12-25','Closed',16924);
INSERT INTO loans VALUES (313,238,'Home Loan',4731244,15.89,240,'2022-06-30','Closed',65434);
INSERT INTO loans VALUES (314,240,'Auto Loan',357842,14.03,180,'2024-01-15','Active',4773);
INSERT INTO loans VALUES (315,240,'Personal Loan',135020,13.08,48,'2024-01-02','Active',3628);
INSERT INTO loans VALUES (316,241,'Auto Loan',1072149,8.87,84,'2025-07-22','Defaulted',17179);
INSERT INTO loans VALUES (317,242,'Auto Loan',535410,9.49,120,'2024-12-14','Closed',6925);
INSERT INTO loans VALUES (318,244,'Education Loan',596563,10.73,60,'2023-05-12','Active',12891);
INSERT INTO loans VALUES (319,244,'Personal Loan',380498,8.24,60,'2022-05-22','Closed',7759);
INSERT INTO loans VALUES (320,245,'Home Loan',4173414,15.53,240,'2025-11-02','Active',56596);
INSERT INTO loans VALUES (321,246,'Education Loan',872280,9.41,12,'2023-09-13','Active',76448);
INSERT INTO loans VALUES (322,247,'Business Loan',1512233,14.48,84,'2024-03-12','Active',28742);
INSERT INTO loans VALUES (323,247,'Business Loan',2099760,10.12,180,'2024-07-02','Active',22719);
INSERT INTO loans VALUES (324,248,'Business Loan',473831,9.65,36,'2025-11-01','Active',15211);
INSERT INTO loans VALUES (325,249,'Personal Loan',344860,12.59,36,'2026-09-10','Closed',11552);
INSERT INTO loans VALUES (326,250,'Home Loan',1884686,11.89,24,'2025-05-10','Active',88622);
INSERT INTO loans VALUES (327,250,'Home Loan',3908635,12.16,84,'2025-09-14','Active',69333);
INSERT INTO loans VALUES (328,250,'Education Loan',973396,7.86,84,'2024-11-26','Closed',15104);
INSERT INTO loans VALUES (329,251,'Auto Loan',1241846,9.87,240,'2023-04-28','Active',11877);
INSERT INTO loans VALUES (330,252,'Auto Loan',945214,15.58,24,'2024-06-01','Active',46091);
INSERT INTO loans VALUES (331,252,'Personal Loan',322367,10.68,84,'2024-05-01','Closed',5466);
INSERT INTO loans VALUES (332,253,'Home Loan',3158266,8.75,36,'2023-03-19','Active',100065);
INSERT INTO loans VALUES (333,253,'Auto Loan',493820,9.18,84,'2024-04-03','Closed',7990);
INSERT INTO loans VALUES (334,255,'Auto Loan',1104306,11.83,180,'2022-10-29','Active',13133);
INSERT INTO loans VALUES (335,256,'Education Loan',200201,7.89,36,'2024-03-12','Closed',6263);
INSERT INTO loans VALUES (336,258,'Home Loan',1648536,15.8,240,'2023-04-23','Closed',22688);
INSERT INTO loans VALUES (337,259,'Home Loan',4853290,14.05,60,'2023-07-03','Active',113053);
INSERT INTO loans VALUES (338,260,'Education Loan',960572,9.04,120,'2023-05-26','Active',12189);
INSERT INTO loans VALUES (339,261,'Personal Loan',370445,12.1,36,'2026-07-05','Closed',12322);
INSERT INTO loans VALUES (340,262,'Business Loan',1778840,9.57,120,'2022-04-17','Active',23086);
INSERT INTO loans VALUES (341,262,'Personal Loan',325220,15.68,120,'2022-05-05','Closed',5383);
INSERT INTO loans VALUES (342,262,'Personal Loan',304141,13.03,12,'2023-05-31','Active',27169);
INSERT INTO loans VALUES (343,264,'Personal Loan',495893,12.35,12,'2024-07-04','Closed',44141);
INSERT INTO loans VALUES (344,265,'Auto Loan',1289789,13.78,120,'2024-02-01','Defaulted',19856);
INSERT INTO loans VALUES (345,266,'Education Loan',495466,14.74,24,'2025-06-01','Active',23962);
INSERT INTO loans VALUES (346,267,'Personal Loan',499538,8.25,240,'2024-09-12','Active',4256);
INSERT INTO loans VALUES (347,269,'Home Loan',3500942,8.56,12,'2024-05-01','Closed',305449);
INSERT INTO loans VALUES (348,269,'Auto Loan',730614,8.46,120,'2025-02-08','Closed',9043);
INSERT INTO loans VALUES (349,270,'Business Loan',1403013,10.79,60,'2025-11-05','Active',30358);
INSERT INTO loans VALUES (350,271,'Business Loan',2213523,11.84,84,'2023-07-04','Active',38886);
INSERT INTO loans VALUES (351,272,'Auto Loan',933181,14.47,120,'2026-01-28','Active',14754);
INSERT INTO loans VALUES (352,273,'Home Loan',4265163,11.52,36,'2023-08-24','Active',140689);
INSERT INTO loans VALUES (353,273,'Education Loan',887473,14.71,12,'2023-10-25','Active',79980);
INSERT INTO loans VALUES (354,274,'Home Loan',4604649,11.75,120,'2024-07-06','Active',65400);
INSERT INTO loans VALUES (355,275,'Home Loan',3640629,14.02,120,'2023-07-30','Closed',56571);
INSERT INTO loans VALUES (356,276,'Business Loan',579291,14.46,36,'2024-07-31','Active',19928);
INSERT INTO loans VALUES (357,278,'Business Loan',1093514,7.8,240,'2025-06-03','Closed',9011);
INSERT INTO loans VALUES (358,278,'Business Loan',831336,7.82,48,'2025-10-23','Active',20225);
INSERT INTO loans VALUES (359,279,'Auto Loan',1175607,10.68,120,'2025-12-15','Closed',15982);
INSERT INTO loans VALUES (360,280,'Home Loan',5036298,12.45,240,'2023-12-03','Active',57042);
INSERT INTO loans VALUES (361,281,'Auto Loan',511554,16.17,180,'2023-09-11','Active',7574);
INSERT INTO loans VALUES (362,281,'Auto Loan',450041,12.06,240,'2022-10-07','Active',4974);
INSERT INTO loans VALUES (363,281,'Auto Loan',1376418,14.73,60,'2024-01-26','Closed',32550);
INSERT INTO loans VALUES (364,282,'Education Loan',1049449,12.57,48,'2025-01-31','Active',27931);
INSERT INTO loans VALUES (365,283,'Education Loan',986871,15.26,180,'2023-04-19','Active',13988);
INSERT INTO loans VALUES (366,283,'Education Loan',750295,16.45,48,'2023-11-09','Active',21437);
INSERT INTO loans VALUES (367,284,'Business Loan',471877,14.99,48,'2023-05-10','Active',13130);
INSERT INTO loans VALUES (368,285,'Auto Loan',331234,15.88,180,'2023-04-02','Active',4837);
INSERT INTO loans VALUES (369,285,'Business Loan',1055420,16.02,48,'2023-10-08','Closed',29922);
INSERT INTO loans VALUES (370,286,'Personal Loan',482734,9.36,48,'2023-07-31','Closed',12096);
INSERT INTO loans VALUES (371,287,'Home Loan',1439453,8.21,180,'2025-01-11','Active',13931);
INSERT INTO loans VALUES (372,288,'Home Loan',4716047,10.84,84,'2022-11-29','Defaulted',80354);
INSERT INTO loans VALUES (373,288,'Business Loan',2404729,11.92,240,'2022-04-25','Active',26344);
INSERT INTO loans VALUES (374,289,'Personal Loan',114366,14.69,180,'2024-11-19','Active',1576);
INSERT INTO loans VALUES (375,289,'Auto Loan',712460,13.68,36,'2024-08-26','Defaulted',24240);
INSERT INTO loans VALUES (376,290,'Education Loan',464086,7.58,48,'2022-04-20','Closed',11238);
INSERT INTO loans VALUES (377,290,'Auto Loan',673922,15.26,36,'2022-10-10','Active',23448);
INSERT INTO loans VALUES (378,291,'Business Loan',1221967,9.16,120,'2023-03-19','Active',15585);
INSERT INTO loans VALUES (379,292,'Auto Loan',1265191,10.02,36,'2024-02-28','Active',40836);
INSERT INTO loans VALUES (380,292,'Business Loan',1993526,14.83,60,'2023-03-21','Active',47248);
INSERT INTO loans VALUES (381,293,'Personal Loan',155629,16.13,36,'2022-06-07','Closed',5481);
INSERT INTO loans VALUES (382,293,'Personal Loan',279684,8.71,240,'2022-08-08','Closed',2464);
INSERT INTO loans VALUES (383,294,'Auto Loan',541168,15.23,12,'2024-07-16','Active',48904);
INSERT INTO loans VALUES (384,294,'Personal Loan',117016,14.82,180,'2025-03-10','Active',1623);
INSERT INTO loans VALUES (385,295,'Auto Loan',673154,12.54,60,'2024-09-01','Active',15158);
INSERT INTO loans VALUES (386,295,'Home Loan',2479907,13.62,48,'2025-04-27','Closed',67295);
INSERT INTO loans VALUES (387,296,'Personal Loan',530717,10.06,84,'2024-10-06','Active',8827);
INSERT INTO loans VALUES (388,297,'Education Loan',980669,10.93,60,'2022-09-04','Closed',21288);
INSERT INTO loans VALUES (389,297,'Personal Loan',480715,13.27,84,'2022-07-23','Closed',8816);
INSERT INTO loans VALUES (390,298,'Home Loan',1256003,10.59,84,'2025-11-10','Closed',21236);
INSERT INTO loans VALUES (391,299,'Business Loan',1900449,9.94,180,'2022-10-17','Closed',20353);
INSERT INTO loans VALUES (392,299,'Business Loan',2622433,11.23,36,'2021-11-03','Active',86141);
INSERT INTO loans VALUES (393,300,'Auto Loan',1368524,13.81,24,'2024-04-04','Active',65584);

-- INSERT PAYMENTS
INSERT INTO payments VALUES (1,1,'2026-05-18',20704,'On-Time');
INSERT INTO payments VALUES (2,1,'2026-06-17',20704,'Late');
INSERT INTO payments VALUES (3,1,'2026-07-17',20704,'On-Time');
INSERT INTO payments VALUES (4,1,'2026-08-16',20704,'On-Time');
INSERT INTO payments VALUES (5,2,'2026-06-09',29742,'On-Time');
INSERT INTO payments VALUES (6,2,'2026-07-09',29742,'Late');
INSERT INTO payments VALUES (7,2,'2026-08-08',29742,'On-Time');
INSERT INTO payments VALUES (8,2,'2026-09-07',29742,'On-Time');
INSERT INTO payments VALUES (9,2,'2026-10-07',29742,'On-Time');
INSERT INTO payments VALUES (10,2,'2026-11-06',29742,'Late');
INSERT INTO payments VALUES (11,2,'2026-12-06',29742,'On-Time');
INSERT INTO payments VALUES (12,3,'2023-07-29',7832,'On-Time');
INSERT INTO payments VALUES (13,3,'2023-08-28',7832,'On-Time');
INSERT INTO payments VALUES (14,3,'2023-09-27',7832,'On-Time');
INSERT INTO payments VALUES (15,3,'2023-10-27',7832,'On-Time');
INSERT INTO payments VALUES (16,3,'2023-11-26',7832,'On-Time');
INSERT INTO payments VALUES (17,3,'2023-12-26',7832,'On-Time');
INSERT INTO payments VALUES (18,3,'2024-01-25',7832,'On-Time');
INSERT INTO payments VALUES (19,3,'2024-02-24',7832,'Late');
INSERT INTO payments VALUES (20,3,'2024-03-25',7832,'On-Time');
INSERT INTO payments VALUES (21,3,'2024-04-24',7832,'On-Time');
INSERT INTO payments VALUES (22,3,'2024-05-24',7832,'Late');
INSERT INTO payments VALUES (23,3,'2024-06-23',7832,'On-Time');
INSERT INTO payments VALUES (24,3,'2024-07-23',7832,'On-Time');
INSERT INTO payments VALUES (25,3,'2024-08-22',7832,'On-Time');
INSERT INTO payments VALUES (26,3,'2024-09-21',7832,'Late');
INSERT INTO payments VALUES (27,4,'2023-08-14',22321,'On-Time');
INSERT INTO payments VALUES (28,4,'2023-09-13',22321,'On-Time');
INSERT INTO payments VALUES (29,4,'2023-10-13',22321,'On-Time');
INSERT INTO payments VALUES (30,4,'2023-11-12',22321,'On-Time');
INSERT INTO payments VALUES (31,4,'2023-12-12',22321,'On-Time');
INSERT INTO payments VALUES (32,4,'2024-01-11',22321,'On-Time');
INSERT INTO payments VALUES (33,4,'2024-02-10',22321,'On-Time');
INSERT INTO payments VALUES (34,4,'2024-03-11',22321,'On-Time');
INSERT INTO payments VALUES (35,4,'2024-04-10',22321,'On-Time');
INSERT INTO payments VALUES (36,4,'2024-05-10',22321,'On-Time');
INSERT INTO payments VALUES (37,4,'2024-06-09',22321,'On-Time');
INSERT INTO payments VALUES (38,4,'2024-07-09',22321,'On-Time');
INSERT INTO payments VALUES (39,4,'2024-08-08',22321,'On-Time');
INSERT INTO payments VALUES (40,4,'2024-09-07',22321,'On-Time');
INSERT INTO payments VALUES (41,4,'2024-10-07',22321,'On-Time');
INSERT INTO payments VALUES (42,4,'2024-11-06',22321,'On-Time');
INSERT INTO payments VALUES (43,4,'2024-12-06',22321,'On-Time');
INSERT INTO payments VALUES (44,4,'2025-01-05',22321,'On-Time');
INSERT INTO payments VALUES (45,4,'2025-02-04',22321,'On-Time');
INSERT INTO payments VALUES (46,4,'2025-03-06',22321,'On-Time');
INSERT INTO payments VALUES (47,4,'2025-04-05',22321,'On-Time');
INSERT INTO payments VALUES (48,4,'2025-05-05',22321,'Late');
INSERT INTO payments VALUES (49,4,'2025-06-04',22321,'Late');
INSERT INTO payments VALUES (50,4,'2025-07-04',22321,'On-Time');
INSERT INTO payments VALUES (51,4,'2025-08-03',22321,'On-Time');
INSERT INTO payments VALUES (52,4,'2025-09-02',22321,'On-Time');
INSERT INTO payments VALUES (53,4,'2025-10-02',22321,'On-Time');
INSERT INTO payments VALUES (54,4,'2025-11-01',22321,'On-Time');
INSERT INTO payments VALUES (55,4,'2025-12-01',22321,'On-Time');
INSERT INTO payments VALUES (56,4,'2025-12-31',22321,'On-Time');
INSERT INTO payments VALUES (57,4,'2026-01-30',22321,'On-Time');
INSERT INTO payments VALUES (58,4,'2026-03-01',22321,'On-Time');
INSERT INTO payments VALUES (59,4,'2026-03-31',22321,'On-Time');
INSERT INTO payments VALUES (60,4,'2026-04-30',22321,'On-Time');
INSERT INTO payments VALUES (61,4,'2026-05-30',22321,'On-Time');
INSERT INTO payments VALUES (62,5,'2027-01-19',15478,'On-Time');
INSERT INTO payments VALUES (63,5,'2027-02-18',15478,'On-Time');
INSERT INTO payments VALUES (64,5,'2027-03-20',15478,'On-Time');
INSERT INTO payments VALUES (65,5,'2027-04-19',15478,'On-Time');
INSERT INTO payments VALUES (66,5,'2027-05-19',15478,'On-Time');
INSERT INTO payments VALUES (67,5,'2027-06-18',15478,'On-Time');
INSERT INTO payments VALUES (68,5,'2027-07-18',15478,'On-Time');
INSERT INTO payments VALUES (69,5,'2027-08-17',15478,'On-Time');
INSERT INTO payments VALUES (70,5,'2027-09-16',15478,'On-Time');
INSERT INTO payments VALUES (71,5,'2027-10-16',15478,'On-Time');
INSERT INTO payments VALUES (72,5,'2027-11-15',15478,'On-Time');
INSERT INTO payments VALUES (73,5,'2027-12-15',15478,'On-Time');
INSERT INTO payments VALUES (74,5,'2028-01-14',15478,'On-Time');
INSERT INTO payments VALUES (75,5,'2028-02-13',15478,'On-Time');
INSERT INTO payments VALUES (76,5,'2028-03-14',15478,'On-Time');
INSERT INTO payments VALUES (77,5,'2028-04-13',15478,'On-Time');
INSERT INTO payments VALUES (78,5,'2028-05-13',15478,'On-Time');
INSERT INTO payments VALUES (79,5,'2028-06-12',15478,'On-Time');
INSERT INTO payments VALUES (80,5,'2028-07-12',15478,'On-Time');
INSERT INTO payments VALUES (81,5,'2028-08-11',15478,'On-Time');
INSERT INTO payments VALUES (82,5,'2028-09-10',15478,'On-Time');
INSERT INTO payments VALUES (83,5,'2028-10-10',15478,'On-Time');
INSERT INTO payments VALUES (84,5,'2028-11-09',15478,'Late');
INSERT INTO payments VALUES (85,5,'2028-12-09',15478,'On-Time');
INSERT INTO payments VALUES (86,5,'2029-01-08',15478,'Late');
INSERT INTO payments VALUES (87,6,'2022-11-14',379546,'On-Time');
INSERT INTO payments VALUES (88,6,'2022-12-14',379546,'On-Time');
INSERT INTO payments VALUES (89,6,'2023-01-13',379546,'On-Time');
INSERT INTO payments VALUES (90,6,'2023-02-12',379546,'On-Time');
INSERT INTO payments VALUES (91,6,'2023-03-14',379546,'On-Time');
INSERT INTO payments VALUES (92,7,'2025-06-29',118059,'On-Time');
INSERT INTO payments VALUES (93,7,'2025-07-29',118059,'On-Time');
INSERT INTO payments VALUES (94,7,'2025-08-28',118059,'On-Time');
INSERT INTO payments VALUES (95,7,'2025-09-27',118059,'On-Time');
INSERT INTO payments VALUES (96,7,'2025-10-27',118059,'On-Time');
INSERT INTO payments VALUES (97,7,'2025-11-26',118059,'On-Time');
INSERT INTO payments VALUES (98,7,'2025-12-26',118059,'On-Time');
INSERT INTO payments VALUES (99,7,'2026-01-25',118059,'On-Time');
INSERT INTO payments VALUES (100,7,'2026-02-24',118059,'On-Time');
INSERT INTO payments VALUES (101,7,'2026-03-26',118059,'On-Time');
INSERT INTO payments VALUES (102,7,'2026-04-25',118059,'On-Time');
INSERT INTO payments VALUES (103,7,'2026-05-25',118059,'On-Time');
INSERT INTO payments VALUES (104,7,'2026-06-24',118059,'On-Time');
INSERT INTO payments VALUES (105,7,'2026-07-24',118059,'On-Time');
INSERT INTO payments VALUES (106,7,'2026-08-23',118059,'Late');
INSERT INTO payments VALUES (107,7,'2026-09-22',118059,'On-Time');
INSERT INTO payments VALUES (108,7,'2026-10-22',118059,'On-Time');
INSERT INTO payments VALUES (109,7,'2026-11-21',118059,'On-Time');
INSERT INTO payments VALUES (110,7,'2026-12-21',118059,'Late');
INSERT INTO payments VALUES (111,7,'2027-01-20',118059,'On-Time');
INSERT INTO payments VALUES (112,7,'2027-02-19',118059,'On-Time');
INSERT INTO payments VALUES (113,7,'2027-03-21',118059,'Late');
INSERT INTO payments VALUES (114,7,'2027-04-20',118059,'On-Time');
INSERT INTO payments VALUES (115,7,'2027-05-20',118059,'Late');
INSERT INTO payments VALUES (116,7,'2027-06-19',118059,'On-Time');
INSERT INTO payments VALUES (117,7,'2027-07-19',118059,'On-Time');
INSERT INTO payments VALUES (118,7,'2027-08-18',118059,'On-Time');
INSERT INTO payments VALUES (119,7,'2027-09-17',118059,'On-Time');
INSERT INTO payments VALUES (120,7,'2027-10-17',118059,'On-Time');
INSERT INTO payments VALUES (121,7,'2027-11-16',118059,'On-Time');
INSERT INTO payments VALUES (122,7,'2027-12-16',118059,'Late');
INSERT INTO payments VALUES (123,7,'2028-01-15',118059,'Late');
INSERT INTO payments VALUES (124,8,'2025-05-25',7362,'On-Time');
INSERT INTO payments VALUES (125,8,'2025-06-24',7362,'On-Time');
INSERT INTO payments VALUES (126,8,'2025-07-24',7362,'Late');
INSERT INTO payments VALUES (127,9,'2025-05-26',9687,'On-Time');
INSERT INTO payments VALUES (128,9,'2025-06-25',9687,'On-Time');
INSERT INTO payments VALUES (129,9,'2025-07-25',9687,'On-Time');
INSERT INTO payments VALUES (130,9,'2025-08-24',9687,'On-Time');
INSERT INTO payments VALUES (131,9,'2025-09-23',9687,'On-Time');
INSERT INTO payments VALUES (132,9,'2025-10-23',9687,'On-Time');
INSERT INTO payments VALUES (133,9,'2025-11-22',9687,'Late');
INSERT INTO payments VALUES (134,9,'2025-12-22',9687,'On-Time');
INSERT INTO payments VALUES (135,9,'2026-01-21',9687,'On-Time');
INSERT INTO payments VALUES (136,9,'2026-02-20',9687,'On-Time');
INSERT INTO payments VALUES (137,9,'2026-03-22',9687,'On-Time');
INSERT INTO payments VALUES (138,9,'2026-04-21',9687,'On-Time');
INSERT INTO payments VALUES (139,9,'2026-05-21',9687,'On-Time');
INSERT INTO payments VALUES (140,9,'2026-06-20',9687,'On-Time');
INSERT INTO payments VALUES (141,9,'2026-07-20',9687,'Late');
INSERT INTO payments VALUES (142,9,'2026-08-19',9687,'On-Time');
INSERT INTO payments VALUES (143,9,'2026-09-18',9687,'On-Time');
INSERT INTO payments VALUES (144,9,'2026-10-18',9687,'On-Time');
INSERT INTO payments VALUES (145,9,'2026-11-17',9687,'On-Time');
INSERT INTO payments VALUES (146,9,'2026-12-17',9687,'On-Time');
INSERT INTO payments VALUES (147,9,'2027-01-16',9687,'On-Time');
INSERT INTO payments VALUES (148,9,'2027-02-15',9687,'On-Time');
INSERT INTO payments VALUES (149,9,'2027-03-17',9687,'On-Time');
INSERT INTO payments VALUES (150,9,'2027-04-16',9687,'On-Time');
INSERT INTO payments VALUES (151,9,'2027-05-16',9687,'Late');
INSERT INTO payments VALUES (152,9,'2027-06-15',9687,'On-Time');
INSERT INTO payments VALUES (153,9,'2027-07-15',9687,'On-Time');
INSERT INTO payments VALUES (154,9,'2027-08-14',9687,'On-Time');
INSERT INTO payments VALUES (155,9,'2027-09-13',9687,'On-Time');
INSERT INTO payments VALUES (156,9,'2027-10-13',9687,'On-Time');
INSERT INTO payments VALUES (157,9,'2027-11-12',9687,'On-Time');
INSERT INTO payments VALUES (158,9,'2027-12-12',9687,'On-Time');
INSERT INTO payments VALUES (159,9,'2028-01-11',9687,'On-Time');
INSERT INTO payments VALUES (160,9,'2028-02-10',9687,'On-Time');
INSERT INTO payments VALUES (161,10,'2022-03-05',36413,'On-Time');
INSERT INTO payments VALUES (162,10,'2022-04-04',36413,'On-Time');
INSERT INTO payments VALUES (163,10,'2022-05-04',36413,'On-Time');
INSERT INTO payments VALUES (164,10,'2022-06-03',36413,'On-Time');
INSERT INTO payments VALUES (165,10,'2022-07-03',36413,'On-Time');
INSERT INTO payments VALUES (166,10,'2022-08-02',36413,'On-Time');
INSERT INTO payments VALUES (167,11,'2021-09-07',17941,'On-Time');
INSERT INTO payments VALUES (168,11,'2021-10-07',17941,'On-Time');
INSERT INTO payments VALUES (169,11,'2021-11-06',17941,'On-Time');
INSERT INTO payments VALUES (170,12,'2023-03-02',12339,'On-Time');
INSERT INTO payments VALUES (171,12,'2023-04-01',12339,'On-Time');
INSERT INTO payments VALUES (172,12,'2023-05-01',12339,'On-Time');
INSERT INTO payments VALUES (173,12,'2023-05-31',12339,'On-Time');
INSERT INTO payments VALUES (174,12,'2023-06-30',12339,'On-Time');
INSERT INTO payments VALUES (175,12,'2023-07-30',12339,'On-Time');
INSERT INTO payments VALUES (176,12,'2023-08-29',12339,'Late');
INSERT INTO payments VALUES (177,12,'2023-09-28',12339,'On-Time');
INSERT INTO payments VALUES (178,12,'2023-10-28',12339,'On-Time');
INSERT INTO payments VALUES (179,12,'2023-11-27',12339,'On-Time');
INSERT INTO payments VALUES (180,12,'2023-12-27',12339,'On-Time');
INSERT INTO payments VALUES (181,12,'2024-01-26',12339,'On-Time');
INSERT INTO payments VALUES (182,12,'2024-02-25',12339,'On-Time');
INSERT INTO payments VALUES (183,12,'2024-03-26',12339,'On-Time');
INSERT INTO payments VALUES (184,12,'2024-04-25',12339,'On-Time');
INSERT INTO payments VALUES (185,12,'2024-05-25',12339,'On-Time');
INSERT INTO payments VALUES (186,12,'2024-06-24',12339,'On-Time');
INSERT INTO payments VALUES (187,12,'2024-07-24',12339,'On-Time');
INSERT INTO payments VALUES (188,12,'2024-08-23',12339,'Late');
INSERT INTO payments VALUES (189,12,'2024-09-22',12339,'On-Time');
INSERT INTO payments VALUES (190,12,'2024-10-22',12339,'On-Time');
INSERT INTO payments VALUES (191,12,'2024-11-21',12339,'On-Time');
INSERT INTO payments VALUES (192,12,'2024-12-21',12339,'On-Time');
INSERT INTO payments VALUES (193,12,'2025-01-20',12339,'On-Time');
INSERT INTO payments VALUES (194,12,'2025-02-19',12339,'On-Time');
INSERT INTO payments VALUES (195,12,'2025-03-21',12339,'On-Time');
INSERT INTO payments VALUES (196,12,'2025-04-20',12339,'On-Time');
INSERT INTO payments VALUES (197,12,'2025-05-20',12339,'On-Time');
INSERT INTO payments VALUES (198,12,'2025-06-19',12339,'On-Time');
INSERT INTO payments VALUES (199,12,'2025-07-19',12339,'On-Time');
INSERT INTO payments VALUES (200,12,'2025-08-18',12339,'On-Time');
INSERT INTO payments VALUES (201,12,'2025-09-17',12339,'On-Time');
INSERT INTO payments VALUES (202,13,'2024-12-15',22678,'On-Time');
INSERT INTO payments VALUES (203,13,'2025-01-14',22678,'On-Time');
INSERT INTO payments VALUES (204,13,'2025-02-13',22678,'Late');
INSERT INTO payments VALUES (205,13,'2025-03-15',22678,'On-Time');
INSERT INTO payments VALUES (206,13,'2025-04-14',22678,'On-Time');
INSERT INTO payments VALUES (207,13,'2025-05-14',22678,'On-Time');
INSERT INTO payments VALUES (208,13,'2025-06-13',22678,'On-Time');
INSERT INTO payments VALUES (209,13,'2025-07-13',22678,'On-Time');
INSERT INTO payments VALUES (210,13,'2025-08-12',22678,'On-Time');
INSERT INTO payments VALUES (211,13,'2025-09-11',22678,'On-Time');
INSERT INTO payments VALUES (212,13,'2025-10-11',22678,'On-Time');
INSERT INTO payments VALUES (213,13,'2025-11-10',22678,'On-Time');
INSERT INTO payments VALUES (214,13,'2025-12-10',22678,'On-Time');
INSERT INTO payments VALUES (215,13,'2026-01-09',22678,'On-Time');
INSERT INTO payments VALUES (216,13,'2026-02-08',22678,'On-Time');
INSERT INTO payments VALUES (217,13,'2026-03-10',22678,'On-Time');
INSERT INTO payments VALUES (218,13,'2026-04-09',22678,'On-Time');
INSERT INTO payments VALUES (219,14,'2024-12-14',172599,'On-Time');
INSERT INTO payments VALUES (220,14,'2025-01-13',172599,'Late');
INSERT INTO payments VALUES (221,14,'2025-02-12',172599,'On-Time');
INSERT INTO payments VALUES (222,14,'2025-03-14',172599,'On-Time');
INSERT INTO payments VALUES (223,15,'2023-01-19',19010,'On-Time');
INSERT INTO payments VALUES (224,15,'2023-02-18',19010,'On-Time');
INSERT INTO payments VALUES (225,15,'2023-03-20',19010,'Late');
INSERT INTO payments VALUES (226,15,'2023-04-19',19010,'On-Time');
INSERT INTO payments VALUES (227,16,'2024-06-12',43724,'On-Time');
INSERT INTO payments VALUES (228,16,'2024-07-12',43724,'On-Time');
INSERT INTO payments VALUES (229,16,'2024-08-11',43724,'On-Time');
INSERT INTO payments VALUES (230,16,'2024-09-10',43724,'On-Time');
INSERT INTO payments VALUES (231,17,'2023-06-30',7055,'On-Time');
INSERT INTO payments VALUES (232,17,'2023-07-30',7055,'On-Time');
INSERT INTO payments VALUES (233,17,'2023-08-29',7055,'On-Time');
INSERT INTO payments VALUES (234,17,'2023-09-28',7055,'On-Time');
INSERT INTO payments VALUES (235,17,'2023-10-28',7055,'On-Time');
INSERT INTO payments VALUES (236,17,'2023-11-27',7055,'On-Time');
INSERT INTO payments VALUES (237,17,'2023-12-27',7055,'On-Time');
INSERT INTO payments VALUES (238,17,'2024-01-26',7055,'On-Time');
INSERT INTO payments VALUES (239,17,'2024-02-25',7055,'On-Time');
INSERT INTO payments VALUES (240,17,'2024-03-26',7055,'Late');
INSERT INTO payments VALUES (241,17,'2024-04-25',7055,'On-Time');
INSERT INTO payments VALUES (242,17,'2024-05-25',7055,'On-Time');
INSERT INTO payments VALUES (243,17,'2024-06-24',7055,'On-Time');
INSERT INTO payments VALUES (244,17,'2024-07-24',7055,'On-Time');
INSERT INTO payments VALUES (245,17,'2024-08-23',7055,'On-Time');
INSERT INTO payments VALUES (246,17,'2024-09-22',7055,'On-Time');
INSERT INTO payments VALUES (247,17,'2024-10-22',7055,'On-Time');
INSERT INTO payments VALUES (248,17,'2024-11-21',7055,'On-Time');
INSERT INTO payments VALUES (249,17,'2024-12-21',7055,'On-Time');
INSERT INTO payments VALUES (250,17,'2025-01-20',7055,'On-Time');
INSERT INTO payments VALUES (251,18,'2026-01-05',90114,'On-Time');
INSERT INTO payments VALUES (252,18,'2026-02-04',90114,'On-Time');
INSERT INTO payments VALUES (253,18,'2026-03-06',90114,'On-Time');
INSERT INTO payments VALUES (254,18,'2026-04-05',90114,'Late');
INSERT INTO payments VALUES (255,18,'2026-05-05',90114,'On-Time');
INSERT INTO payments VALUES (256,18,'2026-06-04',90114,'On-Time');
INSERT INTO payments VALUES (257,18,'2026-07-04',90114,'On-Time');
INSERT INTO payments VALUES (258,18,'2026-08-03',90114,'Late');
INSERT INTO payments VALUES (259,18,'2026-09-02',90114,'On-Time');
INSERT INTO payments VALUES (260,18,'2026-10-02',90114,'On-Time');
INSERT INTO payments VALUES (261,18,'2026-11-01',90114,'On-Time');
INSERT INTO payments VALUES (262,18,'2026-12-01',90114,'On-Time');
INSERT INTO payments VALUES (263,18,'2026-12-31',90114,'On-Time');
INSERT INTO payments VALUES (264,18,'2027-01-30',90114,'On-Time');
INSERT INTO payments VALUES (265,18,'2027-03-01',90114,'On-Time');
INSERT INTO payments VALUES (266,18,'2027-03-31',90114,'On-Time');
INSERT INTO payments VALUES (267,18,'2027-04-30',90114,'On-Time');
INSERT INTO payments VALUES (268,18,'2027-05-30',90114,'Late');
INSERT INTO payments VALUES (269,18,'2027-06-29',90114,'On-Time');
INSERT INTO payments VALUES (270,18,'2027-07-29',90114,'Late');
INSERT INTO payments VALUES (271,18,'2027-08-28',90114,'On-Time');
INSERT INTO payments VALUES (272,18,'2027-09-27',90114,'On-Time');
INSERT INTO payments VALUES (273,18,'2027-10-27',90114,'On-Time');
INSERT INTO payments VALUES (274,18,'2027-11-26',90114,'Late');
INSERT INTO payments VALUES (275,18,'2027-12-26',90114,'On-Time');
INSERT INTO payments VALUES (276,18,'2028-01-25',90114,'On-Time');
INSERT INTO payments VALUES (277,18,'2028-02-24',90114,'Late');
INSERT INTO payments VALUES (278,18,'2028-03-25',90114,'On-Time');
INSERT INTO payments VALUES (279,18,'2028-04-24',90114,'On-Time');
INSERT INTO payments VALUES (280,18,'2028-05-24',90114,'On-Time');
INSERT INTO payments VALUES (281,18,'2028-06-23',90114,'Late');
INSERT INTO payments VALUES (282,18,'2028-07-23',90114,'On-Time');
INSERT INTO payments VALUES (283,18,'2028-08-22',90114,'On-Time');
INSERT INTO payments VALUES (284,18,'2028-09-21',90114,'On-Time');
INSERT INTO payments VALUES (285,18,'2028-10-21',90114,'On-Time');
INSERT INTO payments VALUES (286,18,'2028-11-20',90114,'On-Time');
INSERT INTO payments VALUES (287,19,'2023-05-11',88270,'On-Time');
INSERT INTO payments VALUES (288,19,'2023-06-10',88270,'On-Time');
INSERT INTO payments VALUES (289,19,'2023-07-10',88270,'On-Time');
INSERT INTO payments VALUES (290,19,'2023-08-09',88270,'On-Time');
INSERT INTO payments VALUES (291,19,'2023-09-08',88270,'On-Time');
INSERT INTO payments VALUES (292,19,'2023-10-08',88270,'On-Time');
INSERT INTO payments VALUES (293,19,'2023-11-07',88270,'Late');
INSERT INTO payments VALUES (294,19,'2023-12-07',88270,'On-Time');
INSERT INTO payments VALUES (295,19,'2024-01-06',88270,'On-Time');
INSERT INTO payments VALUES (296,19,'2024-02-05',88270,'On-Time');
INSERT INTO payments VALUES (297,19,'2024-03-06',88270,'On-Time');
INSERT INTO payments VALUES (298,19,'2024-04-05',88270,'On-Time');
INSERT INTO payments VALUES (299,19,'2024-05-05',88270,'On-Time');
INSERT INTO payments VALUES (300,19,'2024-06-04',88270,'On-Time');
INSERT INTO payments VALUES (301,19,'2024-07-04',88270,'On-Time');
INSERT INTO payments VALUES (302,19,'2024-08-03',88270,'On-Time');
INSERT INTO payments VALUES (303,19,'2024-09-02',88270,'On-Time');
INSERT INTO payments VALUES (304,19,'2024-10-02',88270,'Late');
INSERT INTO payments VALUES (305,19,'2024-11-01',88270,'On-Time');
INSERT INTO payments VALUES (306,19,'2024-12-01',88270,'On-Time');
INSERT INTO payments VALUES (307,19,'2024-12-31',88270,'On-Time');
INSERT INTO payments VALUES (308,19,'2025-01-30',88270,'On-Time');
INSERT INTO payments VALUES (309,19,'2025-03-01',88270,'On-Time');
INSERT INTO payments VALUES (310,19,'2025-03-31',88270,'On-Time');
INSERT INTO payments VALUES (311,19,'2025-04-30',88270,'On-Time');
INSERT INTO payments VALUES (312,19,'2025-05-30',88270,'On-Time');
INSERT INTO payments VALUES (313,19,'2025-06-29',88270,'Late');
INSERT INTO payments VALUES (314,19,'2025-07-29',88270,'On-Time');
INSERT INTO payments VALUES (315,19,'2025-08-28',88270,'Late');
INSERT INTO payments VALUES (316,19,'2025-09-27',88270,'On-Time');
INSERT INTO payments VALUES (317,19,'2025-10-27',88270,'Late');
INSERT INTO payments VALUES (318,19,'2025-11-26',88270,'On-Time');
INSERT INTO payments VALUES (319,19,'2025-12-26',88270,'On-Time');
INSERT INTO payments VALUES (320,19,'2026-01-25',88270,'On-Time');
INSERT INTO payments VALUES (321,19,'2026-02-24',88270,'On-Time');
INSERT INTO payments VALUES (322,19,'2026-03-26',88270,'Late');
INSERT INTO payments VALUES (323,20,'2026-04-02',2046,'On-Time');
INSERT INTO payments VALUES (324,20,'2026-05-02',2046,'On-Time');
INSERT INTO payments VALUES (325,20,'2026-06-01',2046,'On-Time');
INSERT INTO payments VALUES (326,20,'2026-07-01',2046,'On-Time');
INSERT INTO payments VALUES (327,20,'2026-07-31',2046,'On-Time');
INSERT INTO payments VALUES (328,20,'2026-08-30',2046,'On-Time');
INSERT INTO payments VALUES (329,20,'2026-09-29',2046,'On-Time');
INSERT INTO payments VALUES (330,20,'2026-10-29',2046,'On-Time');
INSERT INTO payments VALUES (331,20,'2026-11-28',2046,'Late');
INSERT INTO payments VALUES (332,20,'2026-12-28',2046,'Late');
INSERT INTO payments VALUES (333,20,'2027-01-27',2046,'On-Time');
INSERT INTO payments VALUES (334,20,'2027-02-26',2046,'On-Time');
INSERT INTO payments VALUES (335,20,'2027-03-28',2046,'On-Time');
INSERT INTO payments VALUES (336,20,'2027-04-27',2046,'On-Time');
INSERT INTO payments VALUES (337,20,'2027-05-27',2046,'On-Time');
INSERT INTO payments VALUES (338,20,'2027-06-26',2046,'On-Time');
INSERT INTO payments VALUES (339,20,'2027-07-26',2046,'On-Time');
INSERT INTO payments VALUES (340,20,'2027-08-25',2046,'On-Time');
INSERT INTO payments VALUES (341,20,'2027-09-24',2046,'On-Time');
INSERT INTO payments VALUES (342,20,'2027-10-24',2046,'On-Time');
INSERT INTO payments VALUES (343,20,'2027-11-23',2046,'On-Time');
INSERT INTO payments VALUES (344,20,'2027-12-23',2046,'On-Time');
INSERT INTO payments VALUES (345,20,'2028-01-22',2046,'On-Time');
INSERT INTO payments VALUES (346,20,'2028-02-21',2046,'On-Time');
INSERT INTO payments VALUES (347,20,'2028-03-22',2046,'On-Time');
INSERT INTO payments VALUES (348,21,'2025-03-26',6205,'On-Time');
INSERT INTO payments VALUES (349,21,'2025-04-25',6205,'On-Time');
INSERT INTO payments VALUES (350,21,'2025-05-25',6205,'On-Time');
INSERT INTO payments VALUES (351,21,'2025-06-24',6205,'On-Time');
INSERT INTO payments VALUES (352,21,'2025-07-24',6205,'On-Time');
INSERT INTO payments VALUES (353,21,'2025-08-23',6205,'On-Time');
INSERT INTO payments VALUES (354,21,'2025-09-22',6205,'On-Time');
INSERT INTO payments VALUES (355,21,'2025-10-22',6205,'On-Time');
INSERT INTO payments VALUES (356,22,'2023-07-20',4367,'On-Time');
INSERT INTO payments VALUES (357,22,'2023-08-19',4367,'Late');
INSERT INTO payments VALUES (358,22,'2023-09-18',4367,'On-Time');
INSERT INTO payments VALUES (359,22,'2023-10-18',4367,'On-Time');
INSERT INTO payments VALUES (360,22,'2023-11-17',4367,'On-Time');
INSERT INTO payments VALUES (361,22,'2023-12-17',4367,'On-Time');
INSERT INTO payments VALUES (362,22,'2024-01-16',4367,'On-Time');
INSERT INTO payments VALUES (363,22,'2024-02-15',4367,'On-Time');
INSERT INTO payments VALUES (364,22,'2024-03-16',4367,'On-Time');
INSERT INTO payments VALUES (365,22,'2024-04-15',4367,'On-Time');
INSERT INTO payments VALUES (366,22,'2024-05-15',4367,'Late');
INSERT INTO payments VALUES (367,22,'2024-06-14',4367,'On-Time');
INSERT INTO payments VALUES (368,22,'2024-07-14',4367,'Late');
INSERT INTO payments VALUES (369,22,'2024-08-13',4367,'On-Time');
INSERT INTO payments VALUES (370,22,'2024-09-12',4367,'On-Time');
INSERT INTO payments VALUES (371,22,'2024-10-12',4367,'On-Time');
INSERT INTO payments VALUES (372,22,'2024-11-11',4367,'On-Time');
INSERT INTO payments VALUES (373,22,'2024-12-11',4367,'On-Time');
INSERT INTO payments VALUES (374,22,'2025-01-10',4367,'On-Time');
INSERT INTO payments VALUES (375,22,'2025-02-09',4367,'On-Time');
INSERT INTO payments VALUES (376,22,'2025-03-11',4367,'Late');
INSERT INTO payments VALUES (377,22,'2025-04-10',4367,'On-Time');
INSERT INTO payments VALUES (378,22,'2025-05-10',4367,'On-Time');
INSERT INTO payments VALUES (379,22,'2025-06-09',4367,'Late');
INSERT INTO payments VALUES (380,22,'2025-07-09',4367,'Late');
INSERT INTO payments VALUES (381,22,'2025-08-08',4367,'Late');
INSERT INTO payments VALUES (382,22,'2025-09-07',4367,'On-Time');
INSERT INTO payments VALUES (383,22,'2025-10-07',4367,'On-Time');
INSERT INTO payments VALUES (384,23,'2024-01-23',9594,'On-Time');
INSERT INTO payments VALUES (385,23,'2024-02-22',9594,'On-Time');
INSERT INTO payments VALUES (386,23,'2024-03-23',9594,'On-Time');
INSERT INTO payments VALUES (387,23,'2024-04-22',9594,'On-Time');
INSERT INTO payments VALUES (388,23,'2024-05-22',9594,'On-Time');
INSERT INTO payments VALUES (389,23,'2024-06-21',9594,'On-Time');
INSERT INTO payments VALUES (390,23,'2024-07-21',9594,'On-Time');
INSERT INTO payments VALUES (391,23,'2024-08-20',9594,'On-Time');
INSERT INTO payments VALUES (392,24,'2025-02-18',4562,'On-Time');
INSERT INTO payments VALUES (393,24,'2025-03-20',4562,'On-Time');
INSERT INTO payments VALUES (394,24,'2025-04-19',4562,'On-Time');
INSERT INTO payments VALUES (395,24,'2025-05-19',4562,'Late');
INSERT INTO payments VALUES (396,24,'2025-06-18',4562,'On-Time');
INSERT INTO payments VALUES (397,24,'2025-07-18',4562,'On-Time');
INSERT INTO payments VALUES (398,24,'2025-08-17',4562,'On-Time');
INSERT INTO payments VALUES (399,24,'2025-09-16',4562,'On-Time');
INSERT INTO payments VALUES (400,24,'2025-10-16',4562,'On-Time');
INSERT INTO payments VALUES (401,24,'2025-11-15',4562,'On-Time');
INSERT INTO payments VALUES (402,25,'2025-01-21',17014,'On-Time');
INSERT INTO payments VALUES (403,25,'2025-02-20',17014,'On-Time');
INSERT INTO payments VALUES (404,25,'2025-03-22',17014,'On-Time');
INSERT INTO payments VALUES (405,25,'2025-04-21',17014,'On-Time');
INSERT INTO payments VALUES (406,25,'2025-05-21',17014,'Late');
INSERT INTO payments VALUES (407,25,'2025-06-20',17014,'On-Time');
INSERT INTO payments VALUES (408,25,'2025-07-20',17014,'Late');
INSERT INTO payments VALUES (409,25,'2025-08-19',17014,'On-Time');
INSERT INTO payments VALUES (410,26,'2023-07-26',27288,'On-Time');
INSERT INTO payments VALUES (411,26,'2023-08-25',27288,'On-Time');
INSERT INTO payments VALUES (412,26,'2023-09-24',27288,'Late');
INSERT INTO payments VALUES (413,26,'2023-10-24',27288,'On-Time');
INSERT INTO payments VALUES (414,26,'2023-11-23',27288,'On-Time');
INSERT INTO payments VALUES (415,26,'2023-12-23',27288,'Late');
INSERT INTO payments VALUES (416,26,'2024-01-22',27288,'On-Time');
INSERT INTO payments VALUES (417,26,'2024-02-21',27288,'On-Time');
INSERT INTO payments VALUES (418,26,'2024-03-22',27288,'On-Time');
INSERT INTO payments VALUES (419,26,'2024-04-21',27288,'On-Time');
INSERT INTO payments VALUES (420,26,'2024-05-21',27288,'Late');
INSERT INTO payments VALUES (421,26,'2024-06-20',27288,'On-Time');
INSERT INTO payments VALUES (422,26,'2024-07-20',27288,'On-Time');
INSERT INTO payments VALUES (423,26,'2024-08-19',27288,'On-Time');
INSERT INTO payments VALUES (424,26,'2024-09-18',27288,'On-Time');
INSERT INTO payments VALUES (425,26,'2024-10-18',27288,'On-Time');
INSERT INTO payments VALUES (426,26,'2024-11-17',27288,'On-Time');
INSERT INTO payments VALUES (427,26,'2024-12-17',27288,'On-Time');
INSERT INTO payments VALUES (428,26,'2025-01-16',27288,'On-Time');
INSERT INTO payments VALUES (429,26,'2025-02-15',27288,'On-Time');
INSERT INTO payments VALUES (430,26,'2025-03-17',27288,'On-Time');
INSERT INTO payments VALUES (431,26,'2025-04-16',27288,'Late');
INSERT INTO payments VALUES (432,26,'2025-05-16',27288,'On-Time');
INSERT INTO payments VALUES (433,26,'2025-06-15',27288,'On-Time');
INSERT INTO payments VALUES (434,26,'2025-07-15',27288,'On-Time');
INSERT INTO payments VALUES (435,27,'2023-12-13',12648,'Late');
INSERT INTO payments VALUES (436,27,'2024-01-12',12648,'On-Time');
INSERT INTO payments VALUES (437,27,'2024-02-11',12648,'On-Time');
INSERT INTO payments VALUES (438,27,'2024-03-12',12648,'On-Time');
INSERT INTO payments VALUES (439,27,'2024-04-11',12648,'On-Time');
INSERT INTO payments VALUES (440,27,'2024-05-11',12648,'On-Time');
INSERT INTO payments VALUES (441,27,'2024-06-10',12648,'Late');
INSERT INTO payments VALUES (442,27,'2024-07-10',12648,'On-Time');
INSERT INTO payments VALUES (443,27,'2024-08-09',12648,'On-Time');
INSERT INTO payments VALUES (444,27,'2024-09-08',12648,'On-Time');
INSERT INTO payments VALUES (445,27,'2024-10-08',12648,'Late');
INSERT INTO payments VALUES (446,27,'2024-11-07',12648,'On-Time');
INSERT INTO payments VALUES (447,27,'2024-12-07',12648,'On-Time');
INSERT INTO payments VALUES (448,27,'2025-01-06',12648,'On-Time');
INSERT INTO payments VALUES (449,27,'2025-02-05',12648,'On-Time');
INSERT INTO payments VALUES (450,27,'2025-03-07',12648,'On-Time');
INSERT INTO payments VALUES (451,27,'2025-04-06',12648,'Late');
INSERT INTO payments VALUES (452,27,'2025-05-06',12648,'Late');
INSERT INTO payments VALUES (453,27,'2025-06-05',12648,'On-Time');
INSERT INTO payments VALUES (454,27,'2025-07-05',12648,'On-Time');
INSERT INTO payments VALUES (455,27,'2025-08-04',12648,'On-Time');
INSERT INTO payments VALUES (456,27,'2025-09-03',12648,'On-Time');
INSERT INTO payments VALUES (457,27,'2025-10-03',12648,'On-Time');
INSERT INTO payments VALUES (458,27,'2025-11-02',12648,'On-Time');
INSERT INTO payments VALUES (459,27,'2025-12-02',12648,'Late');
INSERT INTO payments VALUES (460,28,'2023-10-05',6690,'On-Time');
INSERT INTO payments VALUES (461,28,'2023-11-04',6690,'Late');
INSERT INTO payments VALUES (462,28,'2023-12-04',6690,'Late');
INSERT INTO payments VALUES (463,28,'2024-01-03',6690,'On-Time');
INSERT INTO payments VALUES (464,28,'2024-02-02',6690,'Late');
INSERT INTO payments VALUES (465,28,'2024-03-03',6690,'On-Time');
INSERT INTO payments VALUES (466,28,'2024-04-02',6690,'On-Time');
INSERT INTO payments VALUES (467,28,'2024-05-02',6690,'On-Time');
INSERT INTO payments VALUES (468,28,'2024-06-01',6690,'On-Time');
INSERT INTO payments VALUES (469,28,'2024-07-01',6690,'On-Time');
INSERT INTO payments VALUES (470,28,'2024-07-31',6690,'On-Time');
INSERT INTO payments VALUES (471,28,'2024-08-30',6690,'On-Time');
INSERT INTO payments VALUES (472,28,'2024-09-29',6690,'On-Time');
INSERT INTO payments VALUES (473,28,'2024-10-29',6690,'On-Time');
INSERT INTO payments VALUES (474,28,'2024-11-28',6690,'On-Time');
INSERT INTO payments VALUES (475,28,'2024-12-28',6690,'On-Time');
INSERT INTO payments VALUES (476,28,'2025-01-27',6690,'On-Time');
INSERT INTO payments VALUES (477,28,'2025-02-26',6690,'Late');
INSERT INTO payments VALUES (478,28,'2025-03-28',6690,'Late');
INSERT INTO payments VALUES (479,28,'2025-04-27',6690,'On-Time');
INSERT INTO payments VALUES (480,29,'2025-02-18',22109,'On-Time');
INSERT INTO payments VALUES (481,29,'2025-03-20',22109,'On-Time');
INSERT INTO payments VALUES (482,29,'2025-04-19',22109,'On-Time');
INSERT INTO payments VALUES (483,29,'2025-05-19',22109,'On-Time');
INSERT INTO payments VALUES (484,29,'2025-06-18',22109,'Late');
INSERT INTO payments VALUES (485,29,'2025-07-18',22109,'On-Time');
INSERT INTO payments VALUES (486,29,'2025-08-17',22109,'On-Time');
INSERT INTO payments VALUES (487,29,'2025-09-16',22109,'On-Time');
INSERT INTO payments VALUES (488,29,'2025-10-16',22109,'On-Time');
INSERT INTO payments VALUES (489,29,'2025-11-15',22109,'On-Time');
INSERT INTO payments VALUES (490,29,'2025-12-15',22109,'On-Time');
INSERT INTO payments VALUES (491,29,'2026-01-14',22109,'On-Time');
INSERT INTO payments VALUES (492,29,'2026-02-13',22109,'On-Time');
INSERT INTO payments VALUES (493,29,'2026-03-15',22109,'On-Time');
INSERT INTO payments VALUES (494,29,'2026-04-14',22109,'On-Time');
INSERT INTO payments VALUES (495,29,'2026-05-14',22109,'On-Time');
INSERT INTO payments VALUES (496,29,'2026-06-13',22109,'On-Time');
INSERT INTO payments VALUES (497,29,'2026-07-13',22109,'On-Time');
INSERT INTO payments VALUES (498,30,'2024-02-21',109901,'On-Time');
INSERT INTO payments VALUES (499,30,'2024-03-22',109901,'On-Time');
INSERT INTO payments VALUES (500,30,'2024-04-21',109901,'On-Time');
 